county_code,county_name,county_name1,clan_num,prov,prov1,startlng0,startlat0,auxiliary
110111,房山区,房山区,1,北京,北京市,116.14944,39.754326,北京市房山区
110112,通州区,通州区,4,北京,北京市,116.66342,39.916017,北京市通州区
110221,昌平县(昌平镇),昌平县,1,北京,北京市,116.23762,40.226413,北京市昌平县
110224,大兴县(黄村镇),大兴县,7,北京,北京市,116.34707,39.748937,北京市大兴县
110227,怀柔县(怀柔镇),怀柔县,2,北京,北京市,116.64684,40.308225,北京市怀柔县
110229,延庆县(延庆镇),延庆县,1,北京,北京市,115.99119,40.464607,北京市延庆县
120221,宁河县(芦台镇),宁河县,1,天津,天津市,117.83239,39.336956,天津市宁河县
120222,武清县(杨村镇),武清县,7,天津,天津市,117.0506,39.389871,天津市武清县
120223,静海县(静海镇),静海县,7,天津,天津市,116.92903,38.936,天津市静海县
120224,宝坻县(城关镇),宝坻县,6,天津,天津市,116.87948,39.53837,天津市宝坻县
130101,石家庄市,石家庄市,4,河北,河北省,114.52153,38.048312,河北省石家庄市
130121,井陉县(微水镇),井陉县,1,河北,河北省,114.15896,38.029781,河北省井陉县
130123,正定县(正定镇),正定县,5,河北,河北省,114.58933,38.159493,河北省正定县
130125,行唐县(龙州镇),行唐县,1,河北,河北省,114.55876,38.447679,河北省行唐县
130126,灵寿县(灵寿镇),灵寿县,1,河北,河北省,114.40115,38.313335,河北省灵寿县
130127,高邑县(高邑镇),高邑县,2,河北,河北省,114.6212,37.61391,河北省高邑县
130130,无极县(无极镇),无极县,2,河北,河北省,114.98877,38.185801,河北省无极县
130182,藁城市,藁城市,2,河北,河北省,114.85338,38.027817,河北省藁城市
130223,滦县(滦州镇),滦县,6,河北,河北省,118.696082,39.746707,河北省滦县
130224,滦南县(倴城镇),滦南县,3,河北,河北省,118.67299,39.513098,河北省滦南县
130229,玉田县(玉田镇),玉田县,2,河北,河北省,117.74766,39.891142,河北省玉田县
130301,秦皇岛市,秦皇岛市,4,河北,河北省,119.52597,39.894727,河北省秦皇岛市
130321,青龙满族自治县(青龙镇),青龙满族自治县,2,河北,河北省,118.96166,40.410109,河北省青龙满族自治县
130322,昌黎县(昌黎镇),昌黎县,1,河北,河北省,119.19887,39.727277,河北省昌黎县
130323,抚宁县(抚宁镇),抚宁县,7,河北,河北省,119.24399,39.894914,河北省抚宁县
130324,卢龙县(卢龙镇),卢龙县,3,河北,河北省,118.88581,39.898762,河北省卢龙县
130426,涉县(涉城镇),涉县,3,河北,河北省,113.68303,36.5845,河北省涉县
130427,磁县(磁州镇),磁县,2,河北,河北省,114.39789,36.38055,河北省磁县
130429,永年县(临铭关镇),永年县,2,河北,河北省,114.55063,36.747569,河北省永年县
130433,馆陶县(馆陶镇),馆陶县,1,河北,河北省,115.28647,36.53168,河北省馆陶县
130481,武安市,武安市,2,河北,河北省,114.21052,36.702488,河北省武安市
130524,柏乡县(柏乡镇),柏乡县,2,河北,河北省,114.70252,37.493761,河北省柏乡县
130528,宁晋县(凤凰镇),宁晋县,7,河北,河北省,114.92395,37.632187,河北省宁晋县
130530,新河县(新河镇),新河县,1,河北,河北省,115.24517,37.524754,河北省新河县
130534,清河县(葛仙庄镇),清河县,3,河北,河北省,115.66428,37.070974,河北省清河县
130535,临西县(临西镇),临西县,1,河北,河北省,115.51,36.876065,河北省临西县
130581,南宫市,南宫市,2,河北,河北省,115.41453,37.364069,河北省南宫市
130601,保定市,保定市,3,河北,河北省,115.47146,38.879988,河北省保定市
130621,满城县(满城镇),满城县,1,河北,河北省,115.3149,38.969589,河北省满城县
130622,清苑县(清苑镇),清苑县,6,河北,河北省,115.50903,38.772679,河北省清苑县
130624,阜平县(阜平镇),阜平县,1,河北,河北省,114.20178,38.855084,河北省阜平县
130625,徐水县(安肃镇),徐水县,1,河北,河北省,115.65131,39.020531,河北省徐水县
130626,定兴县(定兴镇),定兴县,6,河北,河北省,115.79744,39.273006,河北省定兴县
130627,唐县(仁厚镇),唐县,1,河北,河北省,114.98893,38.742436,河北省唐县
130628,高阳县(高阳镇),高阳县,4,河北,河北省,115.78545,38.706258,河北省高阳县
130629,容城县(容城镇),容城县,2,河北,河北省,115.89545,39.040797,河北省容城县
130633,易县(易州镇),易县,1,河北,河北省,115.50814,39.35102,河北省易县
130635,蠡县(蠡吾镇),蠡县,1,河北,河北省,115.60212,38.506855,河北省蠡县
130637,博野县(博野镇),博野县,5,河北,河北省,115.46466,38.462902,河北省博野县
130681,涿州市,涿州市,3,河北,河北省,115.98162,39.491066,河北省涿州市
130682,定州市,定州市,1,河北,河北省,114.9965,38.522199,河北省定州市
130684,高碑店市,高碑店市,1,河北,河北省,115.88057,39.332335,河北省高碑店市
130726,蔚县(蔚州镇),蔚县,2,河北,河北省,114.58988,39.849864,河北省蔚县
130727,阳原县(西城镇),阳原县,1,河北,河北省,114.17209,40.119318,河北省阳原县
130730,怀来县(沙城镇),怀来县,1,河北,河北省,115.52594,40.409774,河北省怀来县
130731,涿鹿县(涿鹿镇),涿鹿县,1,河北,河北省,115.214,40.385289,河北省涿鹿县
130824,滦平县(滦平镇),滦平县,1,河北,河北省,117.33151,40.93125,河北省滦平县
130826,丰宁满族自治县(大阁镇),丰宁满族自治县,1,河北,河北省,116.65221,41.211059,河北省丰宁满族自治县
130901,沧州市,沧州市,17,河北,河北省,116.84558,38.310215,河北省沧州市
130921,沧县(沧州市),沧县,6,河北,河北省,116.8844,38.299453,河北省沧县
130922,青县(清州镇),青县,9,河北,河北省,116.8274,38.58627,河北省青县
130923,东光县(东光镇),东光县,12,河北,河北省,116.56174,37.88604,河北省东光县
130924,海兴县(苏基镇),海兴县,1,河北,河北省,117.51159,38.149554,河北省海兴县
130925,盐山县(盐山镇),盐山县,5,河北,河北省,117.23809,38.058493,河北省盐山县
130927,南皮县(南皮镇),南皮县,13,河北,河北省,116.70233,38.04901,河北省南皮县
130928,吴桥县(桑园镇),吴桥县,1,河北,河北省,116.40338,37.637262,河北省吴桥县
130929,献县(乐寿镇),献县,3,河北,河北省,116.13399,38.19611,河北省献县
130981,泊头市,泊头市,4,河北,河北省,116.58463,38.089257,河北省泊头市
130982,任丘市,任丘市,4,河北,河北省,116.09128,38.692032,河北省任丘市
130983,黄骅市,黄骅市,1,河北,河北省,117.33648,38.377494,河北省黄骅市
130984,河间市,河间市,2,河北,河北省,116.10563,38.451357,河北省河间市
131001,廊坊市,廊坊市,4,河北,河北省,116.69058,39.543367,河北省廊坊市
131022,固安县(固安镇),固安县,1,河北,河北省,116.31031,39.448044,河北省固安县
131025,大城县(平舒镇),大城县,1,河北,河北省,116.64708,38.700582,河北省大城县
131026,文安县(文安镇),文安县,4,河北,河北省,116.46529,38.876209,河北省文安县
131081,霸州市,霸州市,2,河北,河北省,116.3984,39.130921,河北省霸州市
131082,三河市,三河市,1,河北,河北省,117.08459,39.9881,河北省三河市
131121,枣强县(枣强镇),枣强县,3,河北,河北省,115.72953,37.521227,河北省枣强县
131123,武强县(武强镇),武强县,3,河北,河北省,115.99057,38.04801,河北省武强县
131124,饶阳县(饶阳镇),饶阳县,1,河北,河北省,115.73867,38.244027,河北省饶阳县
131126,故城县(郑口镇),故城县,3,河北,河北省,115.93798,37.37098,河北省故城县
131127,景县(景州镇),景县,5,河北,河北省,116.27948,37.69819,河北省景县
131128,阜城县(阜城镇),阜城县,2,河北,河北省,116.16909,37.878661,河北省阜城县
131181,翼州市,翼州市,3,河北,河北省,114.5366,38.043202,河北省翼州市
140101,太原市,太原市,2,山西,山西省,112.55639,37.876989,山西省太原市
140121,清徐县(清源镇),清徐县,7,山西,山西省,112.37645,37.599126,山西省清徐县
140122,阳曲县(黄寨镇),阳曲县,2,山西,山西省,112.68275,38.067388,山西省阳曲县
140225,浑源县(城关镇),浑源县,5,山西,山西省,113.69873,39.711724,山西省浑源县
140301,阳泉市,阳泉市,1,山西,山西省,113.58762,37.862361,山西省阳泉市
140321,平定县(城关镇),平定县,22,山西,山西省,113.66442,37.792796,山西省平定县
140322,盂县(城关镇),盂县,3,山西,山西省,113.41842,38.09198,山西省盂县
140423,襄垣县(城关镇),襄垣县,2,山西,山西省,113.05741,36.541686,山西省襄垣县
140429,武乡县(城关镇),武乡县,1,山西,山西省,112.87061,36.843168,山西省武乡县
140430,沁县(城关镇),沁县,25,山西,山西省,112.70546,36.76219,山西省沁县
140431,沁源县(城关镇),沁源县,1,山西,山西省,112.34445,36.506103,山西省沁源县
140481,潞城市,潞城市,2,山西,山西省,113.23558,36.339691,山西省潞城市
140521,沁水县(城关镇),沁水县,2,山西,山西省,112.19343,35.696364,山西省沁水县
140522,阳城县(城关镇),阳城县,8,山西,山西省,112.42145,35.492181,山西省阳城县
140581,高平市,高平市,2,山西,山西省,112.93041,35.804337,山西省高平市
140601,朔州市,朔州市,1,山西,山西省,112.43937,39.337108,山西省朔州市
140621,山阴县(岱岳镇),山阴县,1,山西,山西省,112.84625,39.53329,山西省山阴县
140622,应县(城关镇),应县,3,山西,山西省,113.19749,39.560078,山西省应县
140623,右玉县(梁家油坊镇),右玉县,1,山西,山西省,112.4735,39.99486,山西省右玉县
140624,怀仁县(城关镇),怀仁县,2,山西,山西省,113.10661,39.833757,山西省怀仁县
142201,忻州地区(忻州市),忻州地区,7,山西,山西省,112.74062,38.422383,山西省忻州地区
142202,原平市,原平市,6,山西,山西省,112.71749,38.736476,山西省原平市
142222,定襄县(城关镇),定襄县,5,山西,山西省,112.96353,38.479974,山西省定襄县
142223,五台县(城关镇),五台县,14,山西,山西省,113.26145,38.734182,山西省五台县
142225,代县(城关镇),代县,12,山西,山西省,112.96655,39.072728,山西省代县
142226,繁峙县(城关镇),繁峙县,2,山西,山西省,113.27141,39.195237,山西省繁峙县
142234,偏关县(城关镇),偏关县,6,山西,山西省,111.51447,39.44223,山西省偏关县
142303,汾阳市,汾阳市,6,山西,山西省,111.7946,37.271292,山西省汾阳市
142322,文水县(城关镇),文水县,1,山西,山西省,112.0356,37.4443,山西省文水县
142323,交城县(城关镇),交城县,1,山西,山西省,112.16257,37.557772,山西省交城县
142327,柳林县(柳林镇),柳林县,1,山西,山西省,110.90135,37.438954,山西省柳林县
142328,石楼县(城关镇),石楼县,1,山西,山西省,110.8416,37.004471,山西省石楼县
142401,晋中市,晋中市,1,山西,山西省,112.75959,37.692839,山西省晋中市
142402,介休市,介休市,12,山西,山西省,111.92356,37.032686,山西省介休市
142421,榆社县(城关镇),榆社县,2,山西,山西省,112.9816,37.07637,山西省榆社县
142427,寿阳县(城关镇),寿阳县,4,山西,山西省,113.18341,37.901308,山西省寿阳县
142429,太谷县(城关镇),太谷县,4,山西,山西省,111.90991,37.035276,山西省太谷县
142430,祁县(城关镇),祁县,4,山西,山西省,112.34244,37.364131,山西省祁县
142431,平遥县(城关镇),平遥县,3,山西,山西省,112.18246,37.195601,山西省平遥县
142433,灵石县(城关镇),灵石县,7,山西,山西省,111.78562,36.853368,山西省灵石县
142601,临汾市,临汾市,5,山西,山西省,111.52553,36.093742,山西省临汾市
142603,霍州市,霍州市,1,山西,山西省,111.76151,36.574607,山西省霍州市
142621,曲沃县(城关镇),曲沃县,2,山西,山西省,111.4824,35.647327,山西省曲沃县
142623,襄汾县(城关镇),襄汾县,2,山西,山西省,111.44854,35.882063,山西省襄汾县
142625,洪洞县(城关镇),洪洞县,26,山西,山西省,111.68159,36.259467,山西省洪洞县
142628,安泽县(城关镇),安泽县,1,山西,山西省,112.25661,36.153514,山西省安泽县
142631,乡宁县(城关镇),乡宁县,1,山西,山西省,107.93457,35.507933,山西省乡宁县
142632,蒲县(城关镇),蒲县,1,山西,山西省,111.10247,36.418005,山西省蒲县
142634,永和县(城关镇),永和县,1,山西,山西省,110.63842,36.765909,山西省永和县
142701,运城市,运城市,4,山西,山西省,111.01339,35.032707,山西省运城市
142702,永济市,永济市,2,山西,山西省,110.45458,34.87283,山西省永济市
142723,芮城县(城关镇),芮城县,1,山西,山西省,110.70061,34.699388,山西省芮城县
142724,临猗县（城关镇）,临猗县,12,山西,山西省,110.78041,35.149542,山西省临猗县
142725,万荣县(城关镇),万荣县,1,山西,山西省,110.84458,35.421109,山西省万荣县
142727,稷山县(城关镇),稷山县,3,山西,山西省,110.98941,35.610404,山西省稷山县
142729,闻喜县(城关镇),闻喜县,4,山西,山西省,111.23141,35.362931,山西省闻喜县
142730,夏县(城关镇),夏县,3,山西,山西省,111.22643,35.147462,山西省夏县
142731,绛县(城关镇),绛县,1,山西,山西省,111.57549,35.497276,山西省绛县
142732,平陆县(城关镇),平陆县,1,山西,山西省,111.22348,34.842925,山西省平陆县
142733,垣曲县(新城镇),垣曲县,2,山西,山西省,111.67916,35.30644,山西省垣曲县
152301,通辽市,通辽市,1,内蒙古,内蒙古自治区,122.25052,43.65798,内蒙古自治区通辽市
210101,沈阳市,沈阳市,45,辽宁,辽宁省,123.4711,41.68383,辽宁省沈阳市
210122,辽中县(辽中镇),辽中县,1,辽宁,辽宁省,122.77238,41.523149,辽宁省辽中县
210123,康平县(康平镇),康平县,1,辽宁,辽宁省,123.33751,42.749925,辽宁省康平县
210181,新民市,新民市,1,辽宁,辽宁省,122.843108,41.992587,辽宁省新民市
210201,大连市,大连市,13,辽宁,辽宁省,121.62163,38.918954,辽宁省大连市
210281,瓦房店市,瓦房店市,3,辽宁,辽宁省,121.98564,39.632741,辽宁省瓦房店市
210282,普兰店市,普兰店市,1,辽宁,辽宁省,121.94646,39.398089,辽宁省普兰店市
210283,庄河市,庄河市,1,辽宁,辽宁省,122.9745,39.686956,辽宁省庄河市
210301,鞍山市,鞍山市,15,辽宁,辽宁省,123.00137,41.115054,辽宁省鞍山市
210321,台安县(台安镇),台安县,5,辽宁,辽宁省,122.44255,41.41859,辽宁省台安县
210381,海城市,海城市,36,辽宁,辽宁省,122.691573,40.888725,辽宁省海城市
210401,抚顺市,抚顺市,13,辽宁,辽宁省,123.96437,41.88597,辽宁省抚顺市
210421,抚顺县(抚顺市),抚顺县,13,辽宁,辽宁省,123.92159,41.887037,辽宁省抚顺县
210422,新宾满族自治县(新宾镇),新宾满族自治县,11,辽宁,辽宁省,125.0437,41.745436,辽宁省新宾满族自治县
210501,本溪市,本溪市,29,辽宁,辽宁省,123.69251,41.492916,辽宁省本溪市
210521,本溪满族自治县(小市镇),本溪满族自治县,29,辽宁,辽宁省,124.12871,41.304004,辽宁省本溪满族自治县
210522,桓仁满族自治县(桓仁镇),桓仁满族自治县,2,辽宁,辽宁省,125.36831,41.278931,辽宁省桓仁满族自治县
210601,丹东市,丹东市,2,辽宁,辽宁省,124.36155,40.006409,辽宁省丹东市
210624,宽甸满族自治县(宽甸镇),宽甸满族自治县,3,辽宁,辽宁省,124.79443,40.738306,辽宁省宽甸满族自治县
210681,东港市,东港市,4,辽宁,辽宁省,124.15846,39.868382,辽宁省东港市
210701,锦州市,锦州市,3,辽宁,辽宁省,121.1326,41.100931,辽宁省锦州市
210726,黑山县(黑山镇),黑山县,3,辽宁,辽宁省,122.13293,41.659497,辽宁省黑山县
210782,北宁市,北宁市,8,辽宁,辽宁省,123.4356,41.841465,辽宁省北宁市
210801,营口市,营口市,1,辽宁,辽宁省,122.2258,40.630703,辽宁省营口市
210881,盖州市,盖州市,9,辽宁,辽宁省,122.355013,40.407266,辽宁省盖州市
210882,大石桥市,大石桥市,2,辽宁,辽宁省,122.512504,40.651897,辽宁省大石桥市
211001,辽阳市,辽阳市,43,辽宁,辽宁省,123.24337,41.274161,辽宁省辽阳市
211021,辽阳县(首山镇),辽阳县,43,辽宁,辽宁省,123.08893,41.211441,辽宁省辽阳县
211081,灯塔市,灯塔市,1,辽宁,辽宁省,123.344308,41.433124,辽宁省灯塔市
211121,大洼县(大洼镇),大洼县,1,辽宁,辽宁省,122.08855,41.008179,辽宁省大洼县
211122,盘山县(盘锦市),盘山县,2,辽宁,辽宁省,122.00356,41.248264,辽宁省盘山县
211201,铁岭市,铁岭市,27,辽宁,辽宁省,123.73237,42.229948,辽宁省铁岭市
211221,铁岭县(铁岭市),铁岭县,27,辽宁,辽宁省,123.73537,42.229226,辽宁省铁岭县
211223,西丰县(西丰镇),西丰县,4,辽宁,辽宁省,124.71504,42.747245,辽宁省西丰县
211281,铁法市,铁法市,12,辽宁,辽宁省,120.48028,36.110936,辽宁省铁法市
211282,开原市,开原市,6,辽宁,辽宁省,124.04457,42.552079,辽宁省开原市
211381,北票市,北票市,1,辽宁,辽宁省,120.77763,41.806483,辽宁省北票市
211382,凌源市,凌源市,2,辽宁,辽宁省,119.406784,41.251433,辽宁省凌源市
211421,绥中县(绥中镇),绥中县,1,辽宁,辽宁省,120.34921,40.332806,辽宁省绥中县
211481,兴城市,兴城市,2,辽宁,辽宁省,120.76283,40.617212,辽宁省兴城市
220101,长春市,长春市,2,吉林,吉林省,125.3306,43.821954,吉林省长春市
220112,双阳区,双阳区,1,吉林,吉林省,125.67145,43.531091,吉林省双阳区
220122,农安县(农安镇),农安县,2,吉林,吉林省,125.18178,44.440857,吉林省农安县
220181,九台市,九台市,4,吉林,吉林省,125.84556,44.157792,吉林省九台市
220183,德惠市,德惠市,3,吉林,吉林省,125.73452,44.527161,吉林省德惠市
220201,吉林市,吉林市,1,吉林,吉林省,126.55563,43.843568,吉林省吉林市
220221,永吉县(口前镇),永吉县,5,吉林,吉林省,126.51582,43.67583,吉林省永吉县
220283,舒兰市,舒兰市,1,吉林,吉林省,126.97138,44.41227,吉林省舒兰市
220323,伊通满族自治县(伊通镇),伊通满族自治县,3,吉林,吉林省,125.32751,43.348613,吉林省伊通满族自治县
220681,临江市,临江市,1,吉林,吉林省,126.92458,41.817679,吉林省临江市
230181,阿城市,阿城市,1,黑龙江,黑龙江省,126.96436,45.554275,黑龙江省阿城市
230182,双城市,双城市,3,黑龙江,黑龙江省,126.31962,45.388112,黑龙江省双城市
230184,五常市,五常市,1,黑龙江,黑龙江省,127.17353,44.937843,黑龙江省五常市
230201,齐齐哈尔市,齐齐哈尔市,8,黑龙江,黑龙江省,123.92457,47.359977,黑龙江省齐齐哈尔市
230281,讷河市,讷河市,1,黑龙江,黑龙江省,124.88917,48.472528,黑龙江省讷河市
230621,肇州县(肇州镇),肇州县,1,黑龙江,黑龙江省,125.27567,45.714423,黑龙江省肇州县
230822,桦南县(桦南镇),桦南县,1,黑龙江,黑龙江省,130.5613,46.249052,黑龙江省桦南县
231001,牡丹江市,牡丹江市,1,黑龙江,黑龙江省,129.63954,44.556246,黑龙江省牡丹江市
231084,宁安市,宁安市,1,黑龙江,黑龙江省,129.48937,44.346984,黑龙江省宁安市
231121,嫩江县(嫩江镇),嫩江县,2,黑龙江,黑龙江省,125.22287,49.186016,黑龙江省嫩江县
232301,绥化市,绥化市,2,黑龙江,黑龙江省,126.97536,46.660032,黑龙江省绥化市
232326,青冈县(青冈镇),青冈县,1,黑龙江,黑龙江省,126.09354,46.688272,黑龙江省青冈县
310112,闵行区,闵行区,4,上海,上海市,121.38861,31.118843,上海市闵行区
310113,宝山区,宝山区,10,上海,上海市,121.49656,31.410279,上海市宝山区
310114,嘉定区,嘉定区,36,上海,上海市,121.2726,31.380155,上海市嘉定区
310115,浦东新区,浦东新区,15,上海,上海市,121.55045,31.227348,上海市浦东新区
310116,金山区,金山区,13,上海,上海市,121.61738,25.221926,上海市金山区
310117,松江区,松江区,66,上海,上海市,121.23448,31.037135,上海市松江区
310225,南汇县(惠南镇),南汇县,36,上海,上海市,121.75609,31.053614,上海市南汇县
310226,奉贤县(南桥镇),奉贤县,9,上海,上海市,121.46527,30.90949,上海市奉贤县
310229,青浦县(青浦镇),青浦县,31,上海,上海市,121.13055,31.155454,上海市青浦县
310230,崇明县(城桥镇),崇明县,138,上海,上海市,121.40458,31.633904,上海市崇明县
320101,南京市,南京市,34,江苏,江苏省,118.80242,32.064653,江苏省南京市
320121,江宁县(东山镇),江宁县,19,江苏,江苏省,118.84657,31.958527,江苏省江宁县
320124,溧水县(在城镇),溧水县,24,江苏,江苏省,119.0344,31.657284,江苏省溧水县
320125,高淳县(淳溪镇),高淳县,6,江苏,江苏省,118.8985,31.333639,江苏省高淳县
320201,无锡市,无锡市,561,江苏,江苏省,120.31858,31.49881,江苏省无锡市
320281,江阴市,江阴市,304,江苏,江苏省,120.29157,31.926045,江苏省江阴市
320282,宜兴市,宜兴市,298,江苏,江苏省,119.83161,31.342957,江苏省宜兴市
320301,徐州市,徐州市,11,江苏,江苏省,117.29058,34.212667,江苏省徐州市
320321,丰县(凤城镇),丰县,36,江苏,江苏省,116.66474,34.702176,江苏省丰县
320322,沛县(沛城镇),沛县,6,江苏,江苏省,116.94259,34.765152,江苏省沛县
320323,铜山县(徐州市),铜山县,7,江苏,江苏省,117.17557,34.1861,江苏省铜山县
320324,睢宁县(睢城镇),睢宁县,13,江苏,江苏省,117.94743,33.918789,江苏省睢宁县
320382,邳州市,邳州市,3,江苏,江苏省,118.01912,34.344646,江苏省邳州市
320401,常州市,常州市,588,江苏,江苏省,119.98148,31.815796,江苏省常州市
320481,溧阳市,溧阳市,71,江苏,江苏省,119.49151,31.422102,江苏省溧阳市
320482,金坛市,金坛市,53,江苏,江苏省,119.60457,31.728893,江苏省金坛市
320483,武进市,武进市,265,江苏,江苏省,119.94861,31.706447,江苏省武进市
320501,苏州市,苏州市,336,江苏,江苏省,120.59241,31.303564,江苏省苏州市
320581,常熟市,常熟市,125,江苏,江苏省,120.7595,31.659538,江苏省常熟市
320582,张家港市,张家港市,1,江苏,江苏省,120.56155,31.881141,江苏省张家港市
320583,昆山市,昆山市,51,江苏,江苏省,120.98745,31.390863,江苏省昆山市
320584,吴江市,吴江市,96,江苏,江苏省,120.65157,31.144644,江苏省吴江市
320585,太仓市,太仓市,35,江苏,江苏省,121.1356,31.464599,江苏省太仓市
320601,南通市,南通市,46,江苏,江苏省,120.90159,31.986549,江苏省南通市
320621,海安县(海安镇),海安县,4,江苏,江苏省,120.47443,32.539196,江苏省海安县
320623,如东县(掘港镇),如东县,1,江苏,江苏省,121.19244,32.335873,江苏省如东县
320681,启东市,启东市,2,江苏,江苏省,121.66347,31.814233,江苏省启东市
320682,如皋市,如皋市,48,江苏,江苏省,120.57947,32.377851,江苏省如皋市
320683,通州市,通州市,5,江苏,江苏省,121.08143,32.070356,江苏省通州市
320684,海门市,海门市,13,江苏,江苏省,121.189013,31.874348,江苏省海门市
320721,赣榆县(青口镇),赣榆县,11,江苏,江苏省,119.12236,34.808108,江苏省赣榆县
320722,东海县(牛山镇),东海县,8,江苏,江苏省,118.75957,34.547919,江苏省东海县
320724,灌南县(新安镇),灌南县,1,江苏,江苏省,119.35769,34.098636,江苏省灌南县
320801,淮阴市,淮阴市,37,江苏,江苏省,119.04142,33.63815,江苏省淮阴市
320821,淮阴县(王营镇),淮阴县,12,江苏,江苏省,119.04142,33.63815,江苏省淮阴县
320826,涟水县(涟城镇),涟水县,11,江苏,江苏省,119.26645,33.787079,江苏省涟水县
320830,盱眙县(盱城镇),盱眙县,9,江苏,江苏省,118.55144,33.018255,江苏省盱眙县
320901,盐城市,盐城市,39,江苏,江苏省,120.16754,33.355101,江苏省盐城市
320922,滨海县(东坎镇),滨海县,1,江苏,江苏省,119.82762,33.995647,江苏省滨海县
320923,阜宁县(阜城镇),阜宁县,15,江苏,江苏省,119.80958,33.765079,江苏省阜宁县
320925,建湖县(建湖镇),建湖县,4,江苏,江苏省,119.80553,33.469833,江苏省建湖县
320981,东台市,东台市,4,江苏,江苏省,120.32654,32.872716,江苏省东台市
320982,大丰市,大丰市,4,江苏,江苏省,120.50744,33.20476,江苏省大丰市
321001,扬州市,扬州市,51,江苏,江苏省,119.41942,32.400677,江苏省扬州市
321023,宝应县(县城镇),宝应县,26,江苏,江苏省,119.36556,33.247205,江苏省宝应县
321081,仪征市,仪征市,7,江苏,江苏省,119.19147,32.27809,江苏省仪征市
321084,高邮市,高邮市,13,江苏,江苏省,119.46562,32.787147,江苏省高邮市
321088,江都市,江都市,129,江苏,江苏省,119.5766,32.440295,江苏省江都市
321101,镇江市,镇江市,378,江苏,江苏省,119.43049,32.194716,江苏省镇江市
321121,丹徒县(镇江市),丹徒县,94,江苏,江苏省,119.4405,32.13792,江苏省丹徒县
321181,丹阳市,丹阳市,203,江苏,江苏省,119.6125,32.01592,江苏省丹阳市
321182,扬中市,扬中市,5,江苏,江苏省,119.80352,32.242967,江苏省扬中市
321183,句容市,句容市,40,江苏,江苏省,119.17543,31.950923,江苏省句容市
321201,泰州市,泰州市,41,江苏,江苏省,119.92957,32.460675,江苏省泰州市
321281,兴化市,兴化市,22,江苏,江苏省,119.85751,32.917824,江苏省兴化市
321282,靖江市,靖江市,26,江苏,江苏省,120.28353,31.98817,江苏省靖江市
321283,泰兴市,泰兴市,142,江苏,江苏省,120.0586,32.177474,江苏省泰兴市
321284,姜堰市,姜堰市,1,江苏,江苏省,120.1334,32.515234,江苏省姜堰市
321301,宿迁市,宿迁市,9,江苏,江苏省,118.28157,33.96775,江苏省宿迁市
321322,沭阳县(沭城镇),沭阳县,8,江苏,江苏省,118.81042,34.117454,江苏省沭阳县
321323,泗阳县(众兴镇),泗阳县,18,江苏,江苏省,118.70947,33.728328,江苏省泗阳县
330101,杭州市,杭州市,120,浙江,浙江省,120.21551,30.253083,浙江省杭州市
330122,桐庐县(桐庐镇),桐庐县,127,浙江,浙江省,119.6976,29.798585,浙江省桐庐县
330127,淳安县(千岛湖镇),淳安县,366,浙江,浙江省,119.08473,29.612786,浙江省淳安县
330181,萧山市,萧山市,274,浙江,浙江省,120.27047,30.187511,浙江省萧山市
330182,建德市,建德市,36,浙江,浙江省,119.2874,29.481154,浙江省建德市
330183,富阳市,富阳市,128,浙江,浙江省,119.96656,30.054723,浙江省富阳市
330184,余杭市,余杭市,38,浙江,浙江省,119.98589,30.280405,浙江省余杭市
330185,临安市,临安市,45,浙江,浙江省,119.73152,30.239806,浙江省临安市
330201,宁波市,宁波市,194,浙江,浙江省,121.63084,29.866068,浙江省宁波市
330225,象山县(丹城镇),象山县,96,浙江,浙江省,121.87556,29.482271,浙江省象山县
330226,宁海县(城关镇),宁海县,80,浙江,浙江省,121.43643,29.294317,浙江省宁海县
330227,鄞县(宁波市),鄞县,401,浙江,浙江省,121.63084,29.866068,浙江省鄞县
330281,余姚市,余姚市,353,浙江,浙江省,121.16059,30.042735,浙江省余姚市
330282,慈溪市,慈溪市,157,浙江,浙江省,121.2726,30.175257,浙江省慈溪市
330283,奉化市,奉化市,269,浙江,浙江省,121.41353,29.661146,浙江省奉化市
330301,温州市,温州市,92,浙江,浙江省,120.70648,28.001085,浙江省温州市
330304,瓯海区,瓯海区,9,浙江,浙江省,120.62145,27.972857,浙江省瓯海区
330322,洞头县(北岙镇),洞头县,7,浙江,浙江省,121.16355,27.84187,浙江省洞头县
330324,永嘉县(上塘镇),永嘉县,230,浙江,浙江省,120.68852,28.15645,浙江省永嘉县
330326,平阳县(昆阳镇),平阳县,254,浙江,浙江省,120.56457,27.674386,浙江省平阳县
330327,苍南县(灵溪镇),苍南县,290,浙江,浙江省,120.40877,27.509799,浙江省苍南县
330328,文成县(大峃镇),文成县,49,浙江,浙江省,120.09532,27.795606,浙江省文成县
330329,泰顺县(罗阳镇),泰顺县,122,浙江,浙江省,119.71925,27.562034,浙江省泰顺县
330381,瑞安市,瑞安市,166,浙江,浙江省,120.66158,27.783951,浙江省瑞安市
330382,乐清市,乐清市,201,浙江,浙江省,120.9925,28.11818,浙江省乐清市
330401,嘉兴市,嘉兴市,69,浙江,浙江省,120.76355,30.750975,浙江省嘉兴市
330421,嘉善县(魏塘镇),嘉善县,27,浙江,浙江省,120.93251,30.837122,浙江省嘉善县
330424,海盐县(武原镇),海盐县,37,浙江,浙江省,120.95245,30.531873,浙江省海盐县
330481,海宁市,海宁市,102,浙江,浙江省,120.68657,30.517924,浙江省海宁市
330482,平湖市,平湖市,34,浙江,浙江省,121.02258,30.682241,浙江省平湖市
330483,桐乡市,桐乡市,24,浙江,浙江省,120.56982,30.637554,浙江省桐乡市
330501,湖州市,湖州市,143,浙江,浙江省,120.09452,30.898964,浙江省湖州市
330521,德清县(武康镇),德清县,25,浙江,浙江省,119.98346,30.548628,浙江省德清县
330522,长兴县(雉城镇),长兴县,31,浙江,浙江省,119.9175,31.032579,浙江省长兴县
330523,安吉县(递铺镇),安吉县,18,浙江,浙江省,119.68656,30.644425,浙江省安吉县
330601,绍兴市,绍兴市,519,浙江,浙江省,120.59004,30.057623,浙江省绍兴市
330621,绍兴县(绍兴市),绍兴县,519,浙江,浙江省,120.50195,30.089303,浙江省绍兴县
330624,新昌县(城关镇),新昌县,82,浙江,浙江省,120.91057,29.505541,浙江省新昌县
330681,诸暨市,诸暨市,828,浙江,浙江省,120.25341,29.714935,浙江省诸暨市
330682,上虞市,上虞市,250,浙江,浙江省,120.87451,30.038243,浙江省上虞市
330683,嵊州市,嵊州市,454,浙江,浙江省,120.83744,29.567327,浙江省嵊州市
330701,金华市,金华市,382,浙江,浙江省,119.65344,29.084639,浙江省金华市
330723,武义县(武阳镇),武义县,138,浙江,浙江省,119.82257,28.898244,浙江省武义县
330726,浦江县(浦阳镇),浦江县,630,浙江,浙江省,119.89844,29.458693,浙江省浦江县
330727,磐安县(安文镇),磐安县,50,浙江,浙江省,120.45651,29.060103,浙江省磐安县
330781,兰溪市,兰溪市,753,浙江,浙江省,119.4666,29.214044,浙江省兰溪市
330782,义乌市,义乌市,540,浙江,浙江省,120.08158,29.31115,浙江省义乌市
330783,东阳市,东阳市,753,浙江,浙江省,120.24842,29.295861,浙江省东阳市
330784,永康市,永康市,239,浙江,浙江省,120.05455,28.894204,浙江省永康市
330801,衢州市,衢州市,104,浙江,浙江省,118.8666,28.975546,浙江省衢州市
330821,衢县(衢州市),衢县,2,浙江,浙江省,118.8666,28.975546,浙江省衢县
330822,常山县(天马镇),常山县,380,浙江,浙江省,118.51756,28.906998,浙江省常山县
330824,开化县(城关镇),开化县,72,浙江,浙江省,118.42146,29.143188,浙江省开化县
330825,龙游县(龙游镇),龙游县,92,浙江,浙江省,119.17842,29.034487,浙江省龙游县
330881,江山市,江山市,266,浙江,浙江省,118.63358,28.742868,浙江省江山市
330901,舟山市,舟山市,4,浙江,浙江省,122.21356,29.990912,浙江省舟山市
330921,岱山县(高亭镇),岱山县,1,浙江,浙江省,122.21142,30.249234,浙江省岱山县
330922,嵊泗县(菜园镇),嵊泗县,1,浙江,浙江省,122.46479,30.730606,浙江省嵊泗县
331001,台州市,台州市,27,浙江,浙江省,121.42743,28.662194,浙江省台州市
331021,玉环县(城关镇),玉环县,13,浙江,浙江省,121.23851,28.141863,浙江省玉环县
331022,三门县(海游镇),三门县,15,浙江,浙江省,121.40255,29.110355,浙江省三门县
331023,天台县(城关镇),天台县,96,浙江,浙江省,121.01355,29.149514,浙江省天台县
331024,仙居县(城关镇),仙居县,93,浙江,浙江省,120.73544,28.853226,浙江省仙居县
331081,温岭市,温岭市,73,浙江,浙江省,121.39259,28.377655,浙江省温岭市
331082,临海市,临海市,165,浙江,浙江省,121.15159,28.864049,浙江省临海市
332501,丽水市,丽水市,117,浙江,浙江省,119.92957,28.473278,浙江省丽水市
332502,龙泉市,龙泉市,56,浙江,浙江省,119.14844,28.080509,浙江省龙泉市
332522,青田县(鹤城镇),青田县,28,浙江,浙江省,120.29657,28.145488,浙江省青田县
332523,云和县(云和镇),云和县,109,浙江,浙江省,119.5796,28.12147,浙江省云和县
332525,庆元县(松源镇),庆元县,84,浙江,浙江省,119.06949,27.625432,浙江省庆元县
332526,缙云县(五云镇),缙云县,518,浙江,浙江省,120.09748,28.665215,浙江省缙云县
332527,遂昌县(妙高镇),遂昌县,60,浙江,浙江省,119.28244,28.598455,浙江省遂昌县
332528,松阳县(西屏镇),松阳县,436,浙江,浙江省,119.48854,28.455056,浙江省松阳县
332529,景宁畲族自治县(鹤溪镇),景宁畲族自治县,73,浙江,浙江省,119.64243,27.979554,浙江省景宁畲族自治县
340101,合肥市,合肥市,103,安徽,安徽省,117.23344,31.826578,安徽省合肥市
340121,长丰县(水湖镇),长丰县,3,安徽,安徽省,117.17249,32.483595,安徽省长丰县
340122,肥东县(店埠镇),肥东县,14,安徽,安徽省,117.48248,31.8964,安徽省肥东县
340123,肥西县(上派镇),肥西县,9,安徽,安徽省,117.16943,31.724283,安徽省肥西县
340201,芜湖市,芜湖市,22,安徽,安徽省,118.43943,31.358537,安徽省芜湖市
340221,芜湖县(湾沚镇),芜湖县,22,安徽,安徽省,118.63219,31.135428,安徽省芜湖县
340222,繁昌县(城关镇),繁昌县,18,安徽,安徽省,117.89556,33.150979,安徽省繁昌县
340223,南陵县(城关镇),南陵县,35,安徽,安徽省,118.34042,30.92026,安徽省南陵县
340301,蚌埠市,蚌埠市,1,安徽,安徽省,117.39551,32.921524,安徽省蚌埠市
340321,怀远县(城关镇),怀远县,12,安徽,安徽省,117.21151,32.976004,安徽省怀远县
340322,五河县(城关镇),五河县,7,安徽,安徽省,117.89556,33.150979,安徽省五河县
340323,固镇县(城关镇),固镇县,1,安徽,安徽省,102.2437,26.669482,安徽省固镇县
340401,淮南市,淮南市,1,安徽,安徽省,117.00639,32.631847,安徽省淮南市
340521,当涂县(城关镇),当涂县,12,安徽,安徽省,118.5046,31.576649,安徽省当涂县
340621,濉溪县(濉溪镇),濉溪县,1,安徽,安徽省,116.77539,33.926137,安徽省濉溪县
340701,铜陵市,铜陵市,1,安徽,安徽省,117.81848,30.951233,安徽省铜陵市
340721,铜陵县(城关镇),铜陵县,1,安徽,安徽省,117.94404,30.956809,安徽省铜陵县
340801,安庆市,安庆市,15,安徽,安徽省,117.12128,30.539222,安徽省安庆市
340822,怀宁县(高河镇),怀宁县,119,安徽,安徽省,116.83635,30.729475,安徽省怀宁县
340823,枞阳县(枞阳镇),枞阳县,4,安徽,安徽省,117.26273,30.704956,安徽省枞阳县
340824,潜山县(梅城镇),潜山县,123,安徽,安徽省,116.58448,30.638886,安徽省潜山县
340825,太湖县(晋熙镇),太湖县,113,安徽,安徽省,116.2817,30.432477,安徽省太湖县
340826,宿松县(孚玉镇),宿松县,35,安徽,安徽省,116.12258,30.17212,安徽省宿松县
340827,望江县(雷阳镇),望江县,11,安徽,安徽省,116.71326,30.133922,安徽省望江县
340828,岳西县(天堂镇),岳西县,4,安徽,安徽省,116.36653,30.852047,安徽省岳西县
340881,桐城市,桐城市,267,安徽,安徽省,116.94365,31.041099,安徽省桐城市
341001,黄山市,黄山市,51,安徽,安徽省,118.14761,30.278651,安徽省黄山市
341021,歙县(徽城镇),歙县,358,安徽,安徽省,118.45459,29.887183,安徽省歙县
341022,休宁县(海阳镇),休宁县,282,安徽,安徽省,118.18079,29.797594,安徽省休宁县
341024,祁门县(祁山镇),祁门县,112,安徽,安徽省,117.73232,29.854591,安徽省祁门县
341101,滁州市,滁州市,1,安徽,安徽省,118.33941,32.261271,安徽省滁州市
341124,全椒县(襄河镇),全椒县,3,安徽,安徽省,118.28529,32.076948,安徽省全椒县
341125,定远县(定城镇),定远县,3,安徽,安徽省,117.72432,32.527402,安徽省定远县
341126,凤阳县(府城镇),凤阳县,5,安徽,安徽省,117.56679,32.877566,安徽省凤阳县
341182,明光市,明光市,1,安徽,安徽省,117.99551,32.783023,安徽省明光市
341201,阜阳市,阜阳市,6,安徽,安徽省,115.82044,32.896061,安徽省阜阳市
341222,太和县(城关镇),太和县,3,安徽,安徽省,115.6302,33.176722,安徽省太和县
341223,涡阳县(城关镇),涡阳县,1,安徽,安徽省,116.22161,33.498567,安徽省涡阳县
341224,蒙城县(城关镇),蒙城县,1,安徽,安徽省,116.57159,33.271658,安徽省蒙城县
341225,阜南县(城关镇),阜南县,1,安徽,安徽省,115.60255,32.664097,安徽省阜南县
341226,颖上县(城关镇),颖上县,2,安徽,安徽省,117.89556,33.150979,安徽省颖上县
341281,亳州市,亳州市,2,安徽,安徽省,115.78446,33.850643,安徽省亳州市
341301,宿州市,宿州市,4,安徽,安徽省,116.97054,33.652095,安徽省宿州市
341321,砀山县(城关镇),砀山县,1,安徽,安徽省,116.37252,34.448428,安徽省砀山县
341322,萧县(龙城镇),萧县,2,安徽,安徽省,116.94701,34.175524,安徽省萧县
341323,灵璧县(灵城镇),灵璧县,7,安徽,安徽省,117.54218,33.549976,安徽省灵璧县
341324,泗县(泗城镇),泗县,4,安徽,安徽省,117.88405,33.492286,安徽省泗县
342401,六安市,六安市,11,安徽,安徽省,116.52641,31.741451,安徽省六安市
342422,寿县(寿春镇),寿县,11,安徽,安徽省,116.78981,32.582571,安徽省寿县
342423,霍邱县(城关镇),霍邱县,4,安徽,安徽省,116.27978,32.338185,安徽省霍邱县
342425,舒城县(城关镇),舒城县,8,安徽,安徽省,116.95935,31.47225,安徽省舒城县
342427,霍山县(城关镇),霍山县,5,安徽,安徽省,116.35428,31.415585,安徽省霍山县
342501,宣州市,宣州市,17,安徽,安徽省,118.76255,30.952158,安徽省宣州市
342502,宁国市,宁国市,14,安徽,安徽省,118.98961,30.639352,安徽省宁国市
342522,郎溪县(建平镇),郎溪县,6,安徽,安徽省,119.18607,31.132823,安徽省郎溪县
342523,广德县(桃州镇),广德县,6,安徽,安徽省,119.41286,30.904618,安徽省广德县
342529,泾县(城关镇),泾县,119,安徽,安徽省,118.42643,30.694672,安徽省泾县
342530,旌德县(旌阳镇),旌德县,72,安徽,安徽省,118.5469,30.292728,安徽省旌德县
342531,绩溪县(华阳镇),绩溪县,116,安徽,安徽省,118.60305,30.07107,安徽省绩溪县
342601,巢湖市,巢湖市,7,安徽,安徽省,117.89558,31.629002,安徽省巢湖市
342622,庐江县(城关镇),庐江县,20,安徽,安徽省,117.29358,31.261328,安徽省庐江县
342623,无为县(无城镇),无为县,46,安徽,安徽省,117.90801,31.308463,安徽省无为县
342625,含山县(环峰镇),含山县,3,安徽,安徽省,118.11103,31.713455,安徽省含山县
342626,和县(历阳镇),和县,12,安徽,安徽省,118.36773,31.725659,安徽省和县
342901,贵池市,贵池市,2,安徽,安徽省,117.57449,30.693858,安徽省贵池市
342921,东至县(尧渡镇),东至县,5,安徽,安徽省,117.02694,30.112494,安徽省东至县
342923,青阳县（蓉城镇）,青阳县,14,安徽,安徽省,117.8852,30.646949,安徽省青阳县
350101,福州市,福州市,138,福建,福建省,119.30347,26.080429,福建省福州市
350121,闽侯县(甘蔗镇),闽侯县,58,福建,福建省,119.13848,26.156035,福建省闽侯县
350122,连江县(凤城镇),连江县,55,福建,福建省,119.53986,26.215976,福建省连江县
350123,罗源县(凤山镇),罗源县,6,福建,福建省,119.56872,26.490722,福建省罗源县
350124,闽清县(梅城镇),闽清县,38,福建,福建省,118.86877,26.224326,福建省闽清县
350125,永泰县(樟城镇),永泰县,20,福建,福建省,118.93748,25.875927,福建省永泰县
350128,平潭县(潭城镇),平潭县,5,福建,福建省,119.7965,25.5047,福建省平潭县
350181,福清市,福清市,29,福建,福建省,119.39047,25.726343,福建省福清市
350182,长乐市,长乐市,53,福建,福建省,119.60065,25.894001,福建省长乐市
350201,厦门市,厦门市,10,福建,福建省,118.09644,24.485407,福建省厦门市
350301,莆田市,莆田市,86,福建,福建省,119.01452,25.459865,福建省莆田市
350321,莆田县(莆田市),莆田县,86,福建,福建省,119.01452,25.459865,福建省莆田县
350322,仙游县(鲤城镇),仙游县,21,福建,福建省,118.69845,25.368291,福建省仙游县
350401,三明市,三明市,2,福建,福建省,117.64552,26.269737,福建省三明市
350421,明溪县(雪峰镇),明溪县,24,福建,福建省,117.20693,26.365177,福建省明溪县
350423,清流县(龙津镇),清流县,13,福建,福建省,116.81688,26.171145,福建省清流县
350424,宁化县(翠江镇),宁化县,33,福建,福建省,116.66471,26.266568,福建省宁化县
350425,大田县(均溪镇),大田县,3,福建,福建省,117.85802,25.700374,福建省大田县
350426,尤溪县(城关镇),尤溪县,9,福建,福建省,118.1948,26.175143,福建省尤溪县
350427,沙县(凤岗镇),沙县,15,福建,福建省,114.81268,25.819857,福建省沙县
350428,将乐县(古镛镇),将乐县,7,福建,福建省,117.48354,26.737394,福建省将乐县
350429,泰宁县(杉城镇),泰宁县,8,福建,福建省,117.18689,26.906622,福建省泰宁县
350430,建宁县(濉城镇),建宁县,14,福建,福建省,116.85251,26.836825,福建省建宁县
350481,永安市,永安市,9,福建,福建省,117.37144,25.948144,福建省永安市
350501,泉州市,泉州市,88,福建,福建省,118.68245,24.879952,福建省泉州市
350521,惠安县(螺城镇),惠安县,31,福建,福建省,118.81094,25.043503,福建省惠安县
350524,安溪县(凤城镇),安溪县,47,福建,福建省,118.19203,25.059004,福建省安溪县
350525,永春县(桃城镇),永春县,39,福建,福建省,118.30877,25.326493,福建省永春县
350526,德化县(龙浔镇),德化县,14,福建,福建省,118.23596,25.490273,福建省德化县
350527,金门县,金门县,78,福建,福建省,118.33042,24.440445,福建省金门县
350581,石狮市,石狮市,10,福建,福建省,118.65452,24.737665,福建省石狮市
350582,晋江市,晋江市,242,福建,福建省,118.55843,24.787825,福建省晋江市
350583,南安市,南安市,64,福建,福建省,118.39257,24.966362,福建省南安市
350601,漳州市,漳州市,85,福建,福建省,117.65358,24.51893,福建省漳州市
350622,云霄县(云陵镇),云霄县,23,福建,福建省,117.34984,23.967014,福建省云霄县
350623,漳浦县(绥安镇),漳浦县,42,福建,福建省,117.62521,24.121595,福建省漳浦县
350624,诏安县(南诏镇),诏安县,46,福建,福建省,117.18585,23.720136,福建省诏安县
350625,长泰县(武安镇),长泰县,8,福建,福建省,117.76233,24.628398,福建省长泰县
350626,东山县(西埔镇),东山县,16,福建,福建省,117.44055,23.702039,福建省东山县
350627,南靖县(山城镇),南靖县,212,福建,福建省,117.36997,24.519184,福建省南靖县
350628,平和县(小溪镇),平和县,134,福建,福建省,117.31658,24.369166,福建省平和县
350629,华安县(华丰镇),华安县,15,福建,福建省,117.54655,25.006821,福建省华安县
350681,龙海市,龙海市,55,福建,福建省,119.30245,26.106339,福建省龙海市
350701,南平市,南平市,13,福建,福建省,118.08735,27.389105,福建省南平市
350721,顺昌县(双溪镇),顺昌县,7,福建,福建省,117.81652,26.799104,福建省顺昌县
350722,浦城县(南浦镇),浦城县,47,福建,福建省,118.54744,27.92339,福建省浦城县
350723,光泽县(杭川镇),光泽县,1,福建,福建省,117.34736,27.551099,福建省光泽县
350724,松溪县(松源镇),松溪县,7,福建,福建省,118.79145,27.532555,福建省松溪县
350725,政和县(熊山镇),政和县,1,福建,福建省,118.86359,27.371749,福建省政和县
350781,邵武市,邵武市,25,福建,福建省,117.49942,27.34647,福建省邵武市
350782,武夷山市,武夷山市,7,福建,福建省,118.04158,27.762554,福建省武夷山市
350783,建瓯市,建瓯市,21,福建,福建省,118.31146,27.028955,福建省建瓯市
350784,建阳市,建阳市,37,福建,福建省,118.12753,27.337502,福建省建阳市
350801,龙岩市,龙岩市,20,福建,福建省,117.02345,25.08122,福建省龙岩市
350821,长汀县(汀州镇),长汀县,24,福建,福建省,116.36924,25.838374,福建省长汀县
350822,永定县(凤城镇),永定县,72,福建,福建省,116.7385,24.730108,福建省永定县
350823,上杭县(临江镇),上杭县,117,福建,福建省,116.42486,25.054445,福建省上杭县
350824,武平县(平川镇),武平县,34,福建,福建省,116.10759,25.100855,福建省武平县
350825,连城县(莲峰镇),连城县,44,福建,福建省,116.7628,25.712468,福建省连城县
350881,漳平市,漳平市,4,福建,福建省,117.42656,25.295743,福建省漳平市
352201,宁德市,宁德市,22,福建,福建省,119.55451,26.672242,福建省宁德市
352202,福安市,福安市,31,福建,福建省,119.65441,27.094324,福建省福安市
352203,福鼎市,福鼎市,57,福建,福建省,120.22345,27.330525,福建省福鼎市
352225,霞浦县(松城镇),霞浦县,25,福建,福建省,120.01143,26.891349,福建省霞浦县
352227,古田县(新城镇),古田县,10,福建,福建省,118.75258,26.583262,福建省古田县
352228,屏南县(古峰镇),屏南县,3,福建,福建省,118.98826,26.913819,福建省屏南县
352229,寿宁县(鳌阳镇),寿宁县,6,福建,福建省,119.51202,27.463697,福建省寿宁县
352231,柘荣县(双城镇),柘荣县,11,福建,福建省,119.90567,27.238251,福建省柘荣县
360101,南昌市,南昌市,56,江西,江西省,115.86459,28.689455,江西省南昌市
360121,南昌县(莲塘镇),南昌县,56,江西,江西省,115.94036,28.548905,江西省南昌县
360122,新建县(长堎镇),新建县,18,江西,江西省,115.82145,28.698749,江西省新建县
360123,安义县(龙津镇),安义县,3,江西,江西省,115.56947,28.847986,江西省安义县
360124,进贤县(民和镇),进贤县,9,江西,江西省,116.25468,28.385777,江西省进贤县
360201,景德镇市,景德镇市,4,江西,江西省,117.18458,29.274248,江西省景德镇市
360222,浮梁县（浮梁镇）,浮梁县,27,江西,江西省,117.23983,29.378206,江西省浮梁县
360281,乐平市,乐平市,24,江西,江西省,117.15851,28.984364,江西省乐平市
360301,萍乡市,萍乡市,237,江西,江西省,113.8937,27.664753,江西省萍乡市
360321,莲花县(琴亭镇),莲花县,30,江西,江西省,113.95086,27.14412,江西省莲花县
360401,九江市,九江市,21,江西,江西省,115.96066,29.666661,江西省九江市
360421,九江县(沙河街镇),九江县,21,江西,江西省,115.89656,29.627697,江西省九江县
360423,武宁县(新宁镇),武宁县,26,江西,江西省,115.10572,29.239881,江西省武宁县
360424,修水县(义宁镇),修水县,48,江西,江西省,114.54054,29.009429,江西省修水县
360425,永修县(涂埠镇),永修县,2,江西,江西省,115.83004,29.045785,江西省永修县
360426,德安县(蒲亭镇),德安县,9,江西,江西省,115.7756,29.316368,江西省德安县
360428,都昌县(都昌镇),都昌县,143,江西,江西省,116.21373,29.270804,江西省都昌县
360430,彭泽县(龙城镇),彭泽县,3,江西,江西省,116.55522,29.902137,江西省彭泽县
360481,瑞昌市,瑞昌市,2,江西,江西省,115.68743,29.681951,江西省瑞昌市
360501,新余市,新余市,43,江西,江西省,114.92353,27.823579,江西省新余市
360521,分宜县(分宜镇),分宜县,3,江西,江西省,114.6825,27.815895,江西省分宜县
360601,鹰潭市,鹰潭市,12,江西,江西省,117.07558,28.265787,江西省鹰潭市
360622,余江县(邓埠镇),余江县,2,江西,江西省,116.82459,28.215354,江西省余江县
360681,贵溪市,贵溪市,71,江西,江西省,117.2514,28.298735,江西省贵溪市
360701,赣州市,赣州市,26,江西,江西省,114.9405,25.835176,江西省赣州市
360722,信丰县(嘉定镇),信丰县,17,江西,江西省,114.94021,25.376439,江西省信丰县
360723,大余县(南安镇),大余县,2,江西,江西省,114.37578,25.40165,江西省大余县
360724,上犹县(东山镇),上犹县,7,江西,江西省,114.54555,25.802026,江西省上犹县
360725,崇义县(横水镇),崇义县,19,江西,江西省,114.31557,25.697537,江西省崇义县
360726,安远县(欣山镇),安远县,18,江西,江西省,115.40093,25.144278,江西省安远县
360727,龙南县(龙南镇),龙南县,34,江西,江西省,114.79631,24.916987,江西省龙南县
360728,定南县(历市镇),定南县,19,江西,江西省,115.03653,24.774913,江西省定南县
360730,宁都县(梅江镇),宁都县,39,江西,江西省,116.02828,26.47469,江西省宁都县
360731,于都县(贡江镇),于都县,78,江西,江西省,115.42384,25.967424,江西省于都县
360732,兴国县(潋江镇),兴国县,81,江西,江西省,115.36442,26.343122,江西省兴国县
360733,会昌县(湘江镇),会昌县,6,江西,江西省,115.81573,25.593531,江西省会昌县
360734,寻乌县(长宁镇),寻乌县,21,江西,江西省,115.65569,24.958094,江西省寻乌县
360735,石城县(琴江镇),石城县,18,江西,江西省,116.35657,26.351076,江西省石城县
360781,瑞金市,瑞金市,86,江西,江西省,116.03342,25.891666,江西省瑞金市
360782,南康市,南康市,18,江西,江西省,114.77154,25.667053,江西省南康市
362201,宜春市,宜春市,287,江西,江西省,114.42356,27.820856,江西省宜春市
362202,丰城市,丰城市,286,江西,江西省,115.77748,28.166614,江西省丰城市
362203,樟树市,樟树市,20,江西,江西省,115.55242,28.062153,江西省樟树市
362204,高安市,高安市,40,江西,江西省,115.36709,28.446871,江西省高安市
362226,奉新县(冯川镇),奉新县,51,江西,江西省,115.40501,28.716448,江西省奉新县
362227,万载县(康乐镇),万载县,443,江西,江西省,114.45254,28.112133,江西省万载县
362228,上高县(敖阳镇),上高县,63,江西,江西省,114.93154,28.238815,江西省上高县
362229,宜丰县(新昌镇),宜丰县,41,江西,江西省,114.82274,28.403457,江西省宜丰县
362232,靖安县(双溪镇),靖安县,60,江西,江西省,115.37449,28.8674,江西省靖安县
362233,铜鼓县(永宁镇),铜鼓县,23,江西,江西省,114.38964,28.531295,江西省铜鼓县
362301,上饶市,上饶市,29,江西,江西省,117.94946,28.460626,江西省上饶市
362302,德兴市,德兴市,10,江西,江西省,117.60103,28.936828,江西省德兴市
362321,上饶县(旭日镇),上饶县,29,江西,江西省,115.91542,28.681691,江西省上饶县
362322,广丰县(永丰镇),广丰县,42,江西,江西省,118.19742,28.442615,江西省广丰县
362323,玉山县(冰溪镇),玉山县,37,江西,江西省,118.25156,28.68775,江西省玉山县
362324,铅山县(河口镇),铅山县,5,江西,江西省,117.71958,28.302616,江西省铅山县
362325,横峰县(岑阳镇),横峰县,1,江西,江西省,117.61257,28.469379,江西省横峰县
362326,弋阳县(弋江镇),弋阳县,22,江西,江西省,117.44192,28.405072,江西省弋阳县
362329,余干县(余干镇),余干县,4,江西,江西省,116.7016,28.707866,江西省余干县
362330,波阳县(鄱阳镇),波阳县,2,江西,江西省,116.70761,28.997998,江西省波阳县
362331,万年县(陈营镇),万年县,13,江西,江西省,117.07668,28.69993,江西省万年县
362334,婺源县(紫阳镇),婺源县,211,江西,江西省,117.85763,29.270151,江西省婺源县
362401,吉安市,吉安市,56,江西,江西省,115.00051,27.119727,江西省吉安市
362402,井冈山市,井冈山市,11,江西,江西省,114.29556,26.75371,江西省井冈山市
362421,吉安县(敦厚镇),吉安县,56,江西,江西省,114.93134,27.031202,江西省吉安县
362422,吉水县(文峰镇),吉水县,13,江西,江西省,115.13468,27.197607,江西省吉水县
362424,新干县(金川镇),新干县,1,江西,江西省,115.4022,27.749798,江西省新干县
362425,永丰县(恩江镇),永丰县,9,江西,江西省,115.43726,27.334823,江西省永丰县
362426,泰和县(澄江镇),泰和县,46,江西,江西省,114.88526,26.804372,江西省泰和县
362427,遂川县(泉江镇),遂川县,59,江西,江西省,114.52728,26.323891,江西省遂川县
362428,万安县(芙蓉镇),万安县,21,江西,江西省,114.78768,26.470805,江西省万安县
362429,安福县(平都镇),安福县,35,江西,江西省,114.61585,27.378636,江西省安福县
362430,永新县(禾川镇),永新县,36,江西,江西省,114.24993,26.971132,江西省永新县
362502,临川市,临川市,3,江西,江西省,116.31849,27.940459,江西省临川市
362522,南城县(建昌镇),南城县,18,江西,江西省,116.64568,27.578705,江西省南城县
362523,黎川县(日峰镇),黎川县,14,江西,江西省,116.90069,27.283572,江西省黎川县
362524,南丰县(琴城镇),南丰县,39,江西,江西省,116.54033,27.265835,江西省南丰县
362525,崇仁县(巴山镇),崇仁县,14,江西,江西省,116.06281,27.769662,江西省崇仁县
362526,乐安县(敖溪镇),乐安县,12,江西,江西省,115.84835,27.425759,江西省乐安县
362527,宜黄县(凤冈镇),宜黄县,29,江西,江西省,116.22878,27.551722,江西省宜黄县
362528,金溪县(秀谷镇),金溪县,6,江西,江西省,116.78635,27.922953,江西省金溪县
362532,广昌县(旴江镇),广昌县,4,江西,江西省,116.28395,26.840774,江西省广昌县
370101,济南市,济南市,10,山东,山东省,117.1264,36.656554,山东省济南市
370123,长清县(长清镇),长清县,4,山东,山东省,116.75839,36.560216,山东省长清县
370124,平阴县(平阴镇),平阴县,6,山东,山东省,116.46262,36.294861,山东省平阴县
370126,商河县(商河镇),商河县,3,山东,山东省,117.16353,37.314971,山东省商河县
370181,章丘市,章丘市,14,山东,山东省,117.53257,36.685533,山东省章丘市
370201,青岛市,青岛市,3,山东,山东省,120.38946,36.072227,山东省青岛市
370281,胶州市,胶州市,4,山东,山东省,120.03954,36.270349,山东省胶州市
370282,即墨市,即墨市,39,山东,山东省,120.45354,36.394749,山东省即墨市
370283,平度市,平度市,7,山东,山东省,119.9767,36.759936,山东省平度市
370284,胶南市,胶南市,1,山东,山东省,120.20455,35.966383,山东省胶南市
370285,莱西市,莱西市,2,山东,山东省,120.52456,36.893956,山东省莱西市
370301,淄博市,淄博市,170,山东,山东省,118.06145,36.819086,山东省淄博市
370321,桓台县(索镇),桓台县,28,山东,山东省,118.11621,36.955022,山东省桓台县
370322,高青县(田镇),高青县,4,山东,山东省,117.8227,37.176418,山东省高青县
370401,枣庄市,枣庄市,4,山东,山东省,117.33054,34.815994,山东省枣庄市
370481,滕州市,滕州市,16,山东,山东省,117.17257,35.120035,山东省滕州市
370522,利津县(利津镇),利津县,4,山东,山东省,118.26162,37.49586,山东省利津县
370523,广饶县(广饶镇),广饶县,4,山东,山东省,118.426,37.060489,山东省广饶县
370601,烟台市,烟台市,9,山东,山东省,121.45442,37.470038,山东省烟台市
370681,龙口市,龙口市,28,山东,山东省,120.48537,37.652555,山东省龙口市
370682,莱阳市,莱阳市,22,山东,山东省,120.71841,36.984636,山东省莱阳市
370683,莱州市,莱州市,13,山东,山东省,119.94859,37.182637,山东省莱州市
370684,蓬莱市,蓬莱市,14,山东,山东省,117.02744,36.674857,山东省蓬莱市
370685,招远市,招远市,6,山东,山东省,120.4406,37.361137,山东省招远市
370686,牺霞市,牺霞市,217,山东,山东省,117.02744,36.674857,山东省牺霞市
370687,海阳市,海阳市,8,山东,山东省,121.18046,36.69327,山东省海阳市
370701,潍坊市,潍坊市,15,山东,山东省,119.16838,36.712652,山东省潍坊市
370724,临朐县(临朐镇),临朐县,4,山东,山东省,118.54945,36.51913,山东省临朐县
370725,昌乐县(昌乐镇),昌乐县,3,山东,山东省,118.83649,36.712996,山东省昌乐县
370781,青州市,青州市,7,山东,山东省,118.48654,36.690417,山东省青州市
370782,诸城市,诸城市,20,山东,山东省,119.4164,36.002009,山东省诸城市
370783,寿光市,寿光市,2,山东,山东省,118.796268,36.862152,山东省寿光市
370784,安丘市,安丘市,10,山东,山东省,119.22561,36.483842,山东省安丘市
370785,高密市,高密市,28,山东,山东省,119.76241,36.388957,山东省高密市
370786,昌邑市,昌邑市,18,山东,山东省,119.40441,36.865161,山东省昌邑市
370801,济宁市,济宁市,16,山东,山东省,116.59361,35.420177,山东省济宁市
370826,微山县(夏镇),微山县,3,山东,山东省,117.13955,34.821296,山东省微山县
370828,金乡县(金乡镇),金乡县,13,山东,山东省,116.31853,35.072569,山东省金乡县
370829,嘉祥县(嘉祥镇),嘉祥县,3,山东,山东省,116.34861,35.413255,山东省嘉祥县
370830,汶上县(汶上镇),汶上县,5,山东,山东省,116.50544,35.717055,山东省汶上县
370881,曲阜市,曲阜市,33,山东,山东省,116.99342,35.587372,山东省曲阜市
370882,茺州市,茺州市,2,山东,山东省,117.02744,36.674857,山东省茺州市
370883,邹城市,邹城市,5,山东,山东省,117.0144,35.407521,山东省邹城市
370901,泰安市,泰安市,33,山东,山东省,117.09449,36.205858,山东省泰安市
370921,宁阳县(宁阳镇),宁阳县,9,山东,山东省,116.81258,35.764539,山东省宁阳县
370923,东平县(东平镇),东平县,3,山东,山东省,116.47759,35.941908,山东省东平县
370982,新泰市,新泰市,1,山东,山东省,117.77461,35.91462,山东省新泰市
370983,肥城市,肥城市,3,山东,山东省,116.7754,36.188811,山东省肥城市
371001,威海市,威海市,2,山东,山东省,122.12754,37.516431,山东省威海市
371081,文登市,文登市,9,山东,山东省,122.06443,37.200113,山东省文登市
371082,荣成市,荣成市,2,山东,山东省,122.4925,37.171318,山东省荣成市
371083,乳山市,乳山市,3,山东,山东省,121.54643,36.925177,山东省乳山市
371101,日照市,日照市,22,山东,山东省,119.53342,35.422839,山东省日照市
371122,莒县(城阳镇),莒县,6,山东,山东省,118.87571,35.596872,山东省莒县
371201,莱芜市,莱芜市,8,山东,山东省,117.66659,36.208841,山东省莱芜市
371301,临沂市,临沂市,10,山东,山东省,118.36353,35.110671,山东省临沂市
371322,郯城县(郯城镇),郯城县,1,山东,山东省,118.37359,34.619226,山东省郯城县
371323,沂水县(沂水镇),沂水县,9,山东,山东省,118.63462,35.796181,山东省沂水县
371325,费县(费城镇),费县,1,山东,山东省,117.98443,35.272304,山东省费县
371327,莒南县(十字路镇),莒南县,6,山东,山东省,118.84154,35.180812,山东省莒南县
371329,临沭县(临沭镇),临沭县,18,山东,山东省,118.65749,34.926019,山东省临沭县
371401,德州市,德州市,10,山东,山东省,116.36556,37.441308,山东省德州市
371421,陵县(陵城镇),陵县,1,山东,山东省,116.94608,35.541103,山东省陵县
371422,宁津县(宁津镇),宁津县,5,山东,山东省,116.80654,37.658019,山东省宁津县
371423,庆云县(庆云镇),庆云县,4,山东,山东省,117.39547,37.789674,山东省庆云县
371424,临邑县(临邑镇),临邑县,2,山东,山东省,116.87727,37.219255,山东省临邑县
371425,齐河县(晏城镇),齐河县,5,山东,山东省,116.76939,36.789945,山东省齐河县
371427,夏津县(夏津镇),夏津县,2,山东,山东省,116.00853,36.954155,山东省夏津县
371481,乐陵市,乐陵市,14,山东,山东省,117.23841,37.735925,山东省乐陵市
371482,禹城市,禹城市,1,山东,山东省,116.64437,36.940242,山东省禹城市
371501,聊城市,聊城市,3,山东,山东省,115.99159,36.462758,山东省聊城市
371521,阳谷县(阳谷镇),阳谷县,3,山东,山东省,115.7984,36.120816,山东省阳谷县
371522,莘县(城关镇),莘县,2,山东,山东省,115.6774,36.239907,山东省莘县
371523,茌平县(茌平镇),茌平县,6,山东,山东省,117.02744,36.674857,山东省茌平县
371524,东阿县(铜城镇),东阿县,1,山东,山东省,116.25449,36.340958,山东省东阿县
371526,高唐县(高唐镇),高唐县,1,山东,山东省,116.2356,36.851591,山东省高唐县
371581,临清市,临清市,1,山东,山东省,115.71147,36.844289,山东省临清市
372301,滨州市,滨州市,10,山东,山东省,117.9774,37.388196,山东省滨州市
372321,惠民县(惠民镇),惠民县,4,山东,山东省,117.51651,37.495803,山东省惠民县
372323,阳信县(阳信镇),阳信县,1,山东,山东省,117.58444,37.647338,山东省阳信县
372324,无棣县(无棣镇),无棣县,8,山东,山东省,117.63246,37.777567,山东省无棣县
372325,沾化县(富国镇),沾化县,2,山东,山东省,118.10545,37.705298,山东省沾化县
372330,邹平县(邹平镇),邹平县,20,山东,山东省,117.74948,36.870032,山东省邹平县
372901,菏泽市,菏泽市,1,山东,山东省,115.48755,35.239407,山东省菏泽市
372922,曹县(曹城镇),曹县,4,山东,山东省,115.54846,34.831809,山东省曹县
372923,定陶县(定陶镇),定陶县,4,山东,山东省,115.57944,35.077275,山东省定陶县
372924,成武县(成武镇),成武县,2,山东,山东省,115.89652,34.958606,山东省成武县
372925,单县(单城镇),单县,3,山东,山东省,116.11158,34.784658,山东省单县
372928,郓城县(郓城镇),郓城县,5,山东,山东省,115.94539,35.581476,山东省郓城县
372929,鄄城县(鄄城镇),鄄城县,2,山东,山东省,115.51661,35.569204,山东省鄄城县
372930,东明县(城关镇),东明县,2,山东,山东省,115.11403,35.281725,山东省东明县
410101,郑州市,郑州市,12,河南,河南省,113.63156,34.75261,河南省郑州市
410122,中牟县(城关镇),中牟县,2,河南,河南省,113.98248,34.725011,河南省中牟县
410181,巩义市,巩义市,12,河南,河南省,113.02843,34.754097,河南省巩义市
410182,荥阳市,荥阳市,21,河南,河南省,113.38942,34.793811,河南省荥阳市
410183,新密市,新密市,31,河南,河南省,113.39739,34.545898,河南省新密市
410184,新郑市,新郑市,4,河南,河南省,113.74643,34.401766,河南省新郑市
410185,登封市,登封市,6,河南,河南省,113.05642,34.459697,河南省登封市
410201,开封市,开封市,13,河南,河南省,114.32077,34.804014,河南省开封市
410221,杞县(城关镇),杞县,10,河南,河南省,114.78099,34.555127,河南省杞县
410222,通许县(城关镇),通许县,9,河南,河南省,114.48403,34.482146,河南省通许县
410223,尉氏县(城关镇),尉氏县,1,河南,河南省,114.21021,34.416523,河南省尉氏县
410224,开封县(城关镇),开封县,13,河南,河南省,114.42977,34.759778,河南省开封县
410225,兰考县(城关镇),兰考县,3,河南,河南省,114.82725,34.838656,河南省兰考县
410301,洛阳市,洛阳市,56,河南,河南省,112.45942,34.624263,河南省洛阳市
410322,孟津县(城关镇),孟津县,14,河南,河南省,114.39812,34.063866,河南省孟津县
410323,新安县(城关镇),新安县,24,河南,河南省,112.14061,34.734383,河南省新安县
410324,栾川县(城关镇),栾川县,2,河南,河南省,111.62243,33.791822,河南省栾川县
410325,嵩县(城关镇),嵩县,15,河南,河南省,112.10319,34.153273,河南省嵩县
410326,汝阳县(城关镇),汝阳县,3,河南,河南省,112.47866,34.158938,河南省汝阳县
410327,宜阳县(城关镇),宜阳县,19,河南,河南省,112.17947,34.541047,河南省宜阳县
410328,洛宁县(城关镇),洛宁县,173,河南,河南省,111.65959,34.394985,河南省洛宁县
410329,伊川县(城关镇),伊川县,7,河南,河南省,112.43241,34.427646,河南省伊川县
410381,偃师市,偃师市,10,河南,河南省,113.75938,34.771713,河南省偃师市
410401,平顶山市,平顶山市,4,河南,河南省,113.19953,33.772051,河南省平顶山市
410421,宝丰县(城关镇),宝丰县,7,河南,河南省,113.06145,33.874746,河南省宝丰县
410422,叶县(昆阳镇),叶县,4,河南,河南省,113.36358,33.632492,河南省叶县
410423,鲁山县(鲁阳镇),鲁山县,6,河南,河南省,112.91443,33.744879,河南省鲁山县
410425,郏县(城关镇),郏县,9,河南,河南省,113.21961,33.977486,河南省郏县
410482,汝州市,汝州市,5,河南,河南省,112.85055,34.172768,河南省汝州市
410501,安阳市,安阳市,7,河南,河南省,114.3995,36.105941,河南省安阳市
410522,安阳县(安阳市),安阳县,7,河南,河南省,114.47673,36.088624,河南省安阳县
410523,汤阴县(城关镇),汤阴县,7,河南,河南省,114.37418,35.921151,河南省汤阴县
410526,滑县(道口镇),滑县,1,河南,河南省,114.52173,35.57908,河南省滑县
410527,内黄县(城关镇),内黄县,1,河南,河南省,114.90759,35.97695,河南省内黄县
410581,林州市,林州市,6,河南,河南省,113.82559,36.088853,河南省林州市
410621,浚县(城关镇),浚县,9,河南,河南省,114.557,35.678538,河南省浚县
410622,淇县(朝歌镇),淇县,1,河南,河南省,114.21549,35.627277,河南省淇县
410701,新乡市,新乡市,59,河南,河南省,113.81159,35.196564,河南省新乡市
410721,新乡县(新乡市),新乡县,59,河南,河南省,113.81159,35.196564,河南省新乡县
410724,获嘉县(城关镇),获嘉县,13,河南,河南省,113.67736,35.254039,河南省获嘉县
410726,延津县(城关镇),延津县,7,河南,河南省,114.20358,35.150464,河南省延津县
410727,封丘县(城关镇),封丘县,4,河南,河南省,114.43222,35.039229,河南省封丘县
410728,长垣县(城关镇),长垣县,1,河南,河南省,114.39812,34.063866,河南省长垣县
410781,卫辉市,卫辉市,3,河南,河南省,114.0716,35.404069,河南省卫辉市
410782,辉县市,辉县市,5,河南,河南省,113.810421,35.467722,河南省辉县市
410801,焦作市,焦作市,7,河南,河南省,113.24855,35.220963,河南省焦作市
410821,修武县(城关镇),修武县,4,河南,河南省,113.4561,35.238906,河南省修武县
410822,博爱县(清化镇),博爱县,6,河南,河南省,113.08909,35.174856,河南省博爱县
410823,武陟县(木城镇),武陟县,1,河南,河南省,113.4084,35.105838,河南省武陟县
410825,温县(温泉镇),温县,8,河南,河南省,113.08657,34.946135,河南省温县
410881,济源市,济源市,40,河南,河南省,112.608003,35.076453,河南省济源市
410882,沁阳市,沁阳市,15,河南,河南省,112.95752,35.093786,河南省沁阳市
410883,孟州市,孟州市,7,河南,河南省,112.79739,34.913598,河南省孟州市
410901,濮阳市,濮阳市,2,河南,河南省,115.0356,35.767593,河南省濮阳市
410922,清丰县(城关镇),清丰县,3,河南,河南省,115.1088,35.900709,河南省清丰县
410923,南乐县(城关镇),南乐县,10,河南,河南省,115.21223,36.083525,河南省南乐县
410926,范县(樱桃园),范县,1,河南,河南省,115.50211,35.912023,河南省范县
410928,濮阳县（城关镇）,濮阳县,2,河南,河南省,115.01965,35.719423,河南省濮阳县
411001,许昌市,许昌市,4,河南,河南省,113.85848,34.041432,河南省许昌市
411023,许昌县(许昌市),许昌县,4,河南,河南省,113.82948,34.130525,河南省许昌县
411024,鄢陵县(安陵镇),鄢陵县,6,河南,河南省,114.20261,34.108196,河南省鄢陵县
411025,襄城县(城关镇),襄城县,3,河南,河南省,113.51342,33.857912,河南省襄城县
411081,禹州市,禹州市,3,河南,河南省,113.49522,34.148267,河南省禹州市
411122,临颖县(城关镇),临颖县,1,河南,河南省,114.39812,34.063866,河南省临颖县
411201,三门峡市,三门峡市,1,河南,河南省,111.20653,34.778327,河南省三门峡市
411221,渑池县(城关镇),渑池县,5,河南,河南省,111.76075,34.77436,河南省渑池县
411222,陕县(大营镇),陕县,14,河南,河南省,111.08032,34.704844,河南省陕县
411224,卢氏县(城关镇),卢氏县,6,河南,河南省,111.05181,34.057726,河南省卢氏县
411281,义马市,义马市,1,河南,河南省,111.88051,34.753028,河南省义马市
411282,灵宝市,灵宝市,1,河南,河南省,110.90041,34.523143,河南省灵宝市
411301,南阳市,南阳市,45,河南,河南省,112.5345,32.996562,河南省南阳市
411321,南召县(城关镇),南召县,11,河南,河南省,112.42944,33.511328,河南省南召县
411322,方城县(城关镇),方城县,6,河南,河南省,113.0185,33.260539,河南省方城县
411323,西峡县(城关镇),西峡县,2,河南,河南省,111.4804,33.313316,河南省西峡县
411324,镇平县(城关镇),镇平县,13,河南,河南省,111.84182,33.05098,河南省镇平县
411325,内乡县(城关镇),内乡县,5,河南,河南省,102.2437,26.669482,河南省内乡县
411326,淅川县(城关镇),淅川县,3,河南,河南省,111.49743,33.144185,河南省淅川县
411328,唐河县(城关镇),唐河县,14,河南,河南省,112.81342,32.687721,河南省唐河县
411329,新野县(城关镇),新野县,6,河南,河南省,112.36655,32.526632,河南省新野县
411330,桐柏县(城关镇),桐柏县,6,河南,河南省,113.41834,32.37627,河南省桐柏县
411401,商丘市,商丘市,7,河南,河南省,115.66245,34.420202,河南省商丘市
411421,民权县(城关镇),民权县,2,河南,河南省,115.15458,34.652479,河南省民权县
411422,睢县(城关镇),睢县,14,河南,河南省,115.10253,34.434947,河南省睢县
411423,宁陵县(城关镇),宁陵县,6,河南,河南省,115.32042,34.466634,河南省宁陵县
411424,柘城县(城关镇),柘城县,1,河南,河南省,115.31243,34.09736,河南省柘城县
411426,夏邑县(城关镇),夏邑县,5,河南,河南省,116.12553,34.255163,河南省夏邑县
411481,永城市,永城市,3,河南,河南省,116.45557,33.934801,河南省永城市
411501,信阳市,信阳市,5,河南,河南省,114.09748,32.153015,河南省信阳市
411521,罗山县(城关镇),罗山县,6,河南,河南省,114.54655,32.21231,河南省罗山县
411522,光山县(城关镇),光山县,3,河南,河南省,114.92553,32.015907,河南省光山县
411523,新县(新集镇),新县,1,河南,河南省,114.88521,31.664674,河南省新县
411524,商城县(城关镇),商城县,8,河南,河南省,115.41544,31.80314,河南省商城县
411525,固始县(城关镇),固始县,12,河南,河南省,115.68951,32.186547,河南省固始县
411526,潢川县(城关镇),潢川县,1,河南,河南省,115.05847,32.137531,河南省潢川县
411527,淮滨县(城关镇),淮滨县,1,河南,河南省,115.4244,32.44762,河南省淮滨县
412701,周口市,周口市,2,河南,河南省,114.70798,33.643084,河南省周口市
412702,项城市,项城市,9,河南,河南省,114.88151,33.473007,河南省项城市
412721,扶沟县(城关镇),扶沟县,4,河南,河南省,114.39812,34.063866,河南省扶沟县
412723,商水县(城关镇),商水县,2,河南,河南省,114.61842,33.548877,河南省商水县
412724,太康县(城关镇),太康县,39,河南,河南省,114.84438,34.070038,河南省太康县
412725,鹿邑县(城关镇),鹿邑县,2,河南,河南省,115.49059,33.867173,河南省鹿邑县
412726,郸城县(城关镇),郸城县,1,河南,河南省,115.18348,33.650828,河南省郸城县
412727,淮阳县(城关镇),淮阳县,4,河南,河南省,114.39812,34.063866,河南省淮阳县
412728,沈丘县(槐店镇),沈丘县,2,河南,河南省,115.10546,33.415691,河南省沈丘县
412821,确山县(盘龙镇),确山县,1,河南,河南省,114.0325,32.808176,河南省确山县
412822,泌阳县(泌水镇),泌阳县,2,河南,河南省,113.33356,32.729731,河南省泌阳县
412824,西平县(柏城镇),西平县,11,河南,河南省,114.02747,33.393861,河南省西平县
412825,上蔡县(蔡都镇),上蔡县,2,河南,河南省,114.27049,33.268511,河南省上蔡县
412826,汝南县(汝宁镇),汝南县,8,河南,河南省,114.36941,33.013141,河南省汝南县
412829,正阳县(真阳镇),正阳县,2,河南,河南省,114.3995,32.611641,河南省正阳县
420101,武汉市,武汉市,43,湖北,湖北省,114.31158,30.598467,湖北省武汉市
420201,黄石市,黄石市,3,湖北,湖北省,115.04553,30.205208,湖北省黄石市
420222,阳新县(兴国镇),阳新县,3,湖北,湖北省,115.21439,29.847131,湖北省阳新县
420281,大冶市,大冶市,26,湖北,湖北省,114.98644,30.101668,湖北省大冶市
420321,郧县(城关镇),郧县,4,湖北,湖北省,110.81621,32.843931,湖北省郧县
420323,竹山县(城关镇),竹山县,1,湖北,湖北省,110.23463,32.241684,湖北省竹山县
420324,竹溪县(城关镇),竹溪县,4,湖北,湖北省,109.71876,32.318647,湖北省竹溪县
420381,丹江口市,丹江口市,2,湖北,湖北省,111.51953,32.546253,湖北省丹江口市
420501,宜昌市,宜昌市,11,湖北,湖北省,111.29255,30.697446,湖北省宜昌市
420526,兴山县(古夫镇),兴山县,5,湖北,湖北省,110.76258,31.34746,湖北省兴山县
420527,秭归县(茅坪镇),秭归县,4,湖北,湖北省,110.97973,30.829062,湖北省秭归县
420528,长阳土家族自治县(龙舟坪镇),长阳土家族自治县,14,湖北,湖北省,111.17342,30.497896,湖北省长阳土家族自治县
420581,宜都市,宜都市,7,湖北,湖北省,111.45652,30.384404,湖北省宜都市
420582,当阳市,当阳市,1,湖北,湖北省,111.79457,30.826989,湖北省当阳市
420583,枝江市,枝江市,9,湖北,湖北省,111.76654,30.431731,湖北省枝江市
420621,襄阳县(张湾镇),襄阳县,1,湖北,湖北省,114.34844,30.5516,湖北省襄阳县
420624,南漳县(城关镇),南漳县,2,湖北,湖北省,111.85264,31.782343,湖北省南漳县
420625,谷城县(城关镇),谷城县,2,湖北,湖北省,111.66164,32.267912,湖北省谷城县
420626,保康县(城关镇),保康县,2,湖北,湖北省,113.75682,31.039436,湖北省保康县
420682,老河口市,老河口市,1,湖北,湖北省,111.68156,32.39246,湖北省老河口市
420683,枣阳市,枣阳市,7,湖北,湖北省,112.77847,32.13473,湖北省枣阳市
420701,鄂州市,鄂州市,13,湖北,湖北省,114.90161,30.396572,湖北省鄂州市
420801,荆门市,荆门市,12,湖北,湖北省,112.20639,31.041733,湖北省荆门市
420821,京山县(新市镇),京山县,2,湖北,湖北省,113.12655,31.024331,湖北省京山县
420881,钟祥市,钟祥市,14,湖北,湖北省,112.59447,31.17403,湖北省钟祥市
420901,孝感市,孝感市,22,湖北,湖北省,113.96346,30.924526,湖北省孝感市
420922,大悟县(城关镇),大悟县,2,湖北,湖北省,114.12771,31.566402,湖北省大悟县
420981,应城市,应城市,7,湖北,湖北省,113.57957,30.933977,湖北省应城市
420982,安陆市,安陆市,4,湖北,湖北省,113.69558,31.261415,湖北省安陆市
420983,广水市,广水市,1,湖北,湖北省,113.83259,31.622476,湖北省广水市
420984,汉川市,汉川市,13,湖北,湖北省,113.84555,30.666914,湖北省汉川市
421001,荆州市,荆州市,2,湖北,湖北省,112.24552,30.340842,湖北省荆州市
421002,沙市区,沙市区,3,湖北,湖北省,112.25861,30.331699,湖北省沙市区
421022,公安县(斗湖堤镇),公安县,7,湖北,湖北省,112.23875,30.067011,湖北省公安县
421023,监利县(容城镇),监利县,14,湖北,湖北省,112.91413,29.832189,湖北省监利县
421024,江陵县(郝穴镇),江陵县,16,湖北,湖北省,112.42468,30.038029,湖北省江陵县
421081,石首市,石首市,17,湖北,湖北省,112.43142,29.727034,湖北省石首市
421083,洪湖市,洪湖市,4,湖北,湖北省,113.48255,29.83277,湖北省洪湖市
421087,松滋市,松滋市,7,湖北,湖北省,111.77358,30.175342,湖北省松滋市
421101,黄冈市,黄冈市,186,湖北,湖北省,114.87849,30.459359,湖北省黄冈市
421122,红安县(城关镇),红安县,10,湖北,湖北省,114.6093,31.279066,湖北省红安县
421123,罗田县(凤山镇),罗田县,4,湖北,湖北省,115.40275,30.78937,湖北省罗田县
421124,英山县(温泉镇),英山县,5,湖北,湖北省,115.68332,30.746157,湖北省英山县
421125,浠水县(清泉镇),浠水县,14,湖北,湖北省,115.27315,30.44442,湖北省浠水县
421127,黄梅县(黄梅镇),黄梅县,11,湖北,湖北省,115.94606,30.078707,湖北省黄梅县
421181,麻城市,麻城市,39,湖北,湖北省,115.01656,31.176996,湖北省麻城市
421182,武穴市,武穴市,8,湖北,湖北省,115.56739,29.850441,湖北省武穴市
421201,咸宁市,咸宁市,5,湖北,湖北省,114.32852,29.847056,湖北省咸宁市
421221,嘉鱼县(鱼岳镇),嘉鱼县,12,湖北,湖北省,113.91518,29.986729,湖北省嘉鱼县
421222,通城县(隽水镇),通城县,10,湖北,湖北省,113.81864,29.261853,湖北省通城县
421223,崇阳县(天城镇),崇阳县,27,湖北,湖北省,114.0541,29.555533,湖北省崇阳县
421224,通山县(通羊镇),通山县,48,湖北,湖北省,114.50072,29.607867,湖北省通山县
421281,赤壁市,赤壁市,1,湖北,湖北省,113.90644,29.730666,湖北省赤壁市
422801,恩施土家族苗族自治州(恩施市),恩施土家族苗族自治州,17,湖北,湖北省,109.48655,30.301037,湖北省恩施土家族苗族自治州
422802,利川市,利川市,1,湖北,湖北省,108.94248,30.297203,湖北省利川市
422822,建始县(业州镇),建始县,8,湖北,湖北省,109.72423,30.606561,湖北省建始县
422823,巴东县(信陵镇),巴东县,7,湖北,湖北省,110.34428,31.049604,湖北省巴东县
422826,咸丰县(高乐山镇),咸丰县,7,湖北,湖北省,109.15142,29.683558,湖北省咸丰县
422827,来凤县(翔凤镇),来凤县,10,湖北,湖北省,109.40425,29.506284,湖北省来凤县
422828,鹤峰县(容美镇),鹤峰县,6,湖北,湖北省,110.03976,29.888781,湖北省鹤峰县
429001,随州市,随州市,2,湖北,湖北省,113.38945,31.696517,湖北省随州市
429004,仙桃市,仙桃市,14,湖北,湖北省,113.451908,30.33284,湖北省仙桃市
429005,潜江市,潜江市,14,湖北,湖北省,112.90547,30.408358,湖北省潜江市
429006,天门市,天门市,4,湖北,湖北省,113.17241,30.669622,湖北省天门市
430101,长沙市,长沙市,596,湖南,湖南省,112.94547,28.234889,湖南省长沙市
430121,长沙县(星沙镇),长沙县,596,湖南,湖南省,113.08756,28.251818,湖南省长沙县
430122,望城县(高塘岭镇),望城县,5,湖南,湖南省,112.82447,28.367403,湖南省望城县
430124,宁乡县(玉潭镇),宁乡县,667,湖南,湖南省,112.55841,28.284105,湖南省宁乡县
430181,浏阳市,浏阳市,475,湖南,湖南省,113.6494,28.169832,湖南省浏阳市
430201,株洲市,株洲市,9,湖南,湖南省,113.14047,27.833568,湖南省株洲市
430221,株洲县(渌口镇),株洲县,9,湖南,湖南省,113.14943,27.71158,湖南省株洲县
430223,攸县(城关镇),攸县,66,湖南,湖南省,113.35158,27.005772,湖南省攸县
430224,茶陵县(城关镇),茶陵县,32,湖南,湖南省,113.54547,26.783589,湖南省茶陵县
430225,炎陵县(霞阳镇),炎陵县,4,湖南,湖南省,113.78475,26.486462,湖南省炎陵县
430281,醴陵市,醴陵市,283,湖南,湖南省,113.50348,27.652325,湖南省醴陵市
430301,湘潭市,湘潭市,720,湖南,湖南省,112.95046,27.835702,湖南省湘潭市
430321,湘潭县(易俗河镇),湘潭县,720,湖南,湖南省,112.96239,27.778729,湖南省湘潭县
430381,湘乡市,湘乡市,708,湖南,湖南省,112.54149,27.740191,湖南省湘乡市
430382,韶山市,韶山市,9,湖南,湖南省,112.5335,27.921044,湖南省韶山市
430401,衡阳市,衡阳市,134,湖南,湖南省,112.57845,26.899576,湖南省衡阳市
430421,衡阳县(西渡镇),衡阳县,134,湖南,湖南省,112.36951,26.978537,湖南省衡阳县
430422,衡南县(衡阳市),衡南县,6,湖南,湖南省,112.6844,26.744532,湖南省衡南县
430423,衡山县(开云镇),衡山县,153,湖南,湖南省,112.80161,27.238166,湖南省衡山县
430424,衡东县(城关镇),衡东县,11,湖南,湖南省,112.9595,27.087043,湖南省衡东县
430426,祁东县(洪桥镇),祁东县,2,湖南,湖南省,112.09645,26.805995,湖南省祁东县
430481,耒阳市,耒阳市,17,湖南,湖南省,112.8666,26.428066,湖南省耒阳市
430482,常宁市,常宁市,34,湖南,湖南省,112.40556,26.42672,湖南省常宁市
430501,邵阳市,邵阳市,393,湖南,湖南省,111.47443,27.24527,湖南省邵阳市
430521,邵东县(两市镇),邵东县,58,湖南,湖南省,112.9896,28.11827,湖南省邵东县
430522,新邵县(酿溪镇),新邵县,1,湖南,湖南省,111.46716,27.325544,湖南省新邵县
430523,邵阳县(塘渡口镇),邵阳县,393,湖南,湖南省,111.28257,26.997367,湖南省邵阳县
430524,隆回县(桃洪镇),隆回县,27,湖南,湖南省,111.03453,27.111051,湖南省隆回县
430525,洞口县(洞口镇),洞口县,14,湖南,湖南省,110.58182,27.06113,湖南省洞口县
430527,绥宁县(长铺镇),绥宁县,4,湖南,湖南省,110.16286,26.583285,湖南省绥宁县
430528,新宁县(金石镇),新宁县,4,湖南,湖南省,110.85829,26.435056,湖南省新宁县
430529,城步苗族自治县(儒林镇),城步苗族自治县,4,湖南,湖南省,110.3182,26.364387,湖南省城步苗族自治县
430581,武冈市,武冈市,44,湖南,湖南省,110.63841,26.732899,湖南省武冈市
430601,岳阳市,岳阳市,155,湖南,湖南省,113.13549,29.363178,湖南省岳阳市
430621,岳阳县(荣家湾镇),岳阳县,155,湖南,湖南省,113.12955,29.141154,湖南省岳阳县
430623,华容县(城关镇),华容县,47,湖南,湖南省,112.54746,29.536286,湖南省华容县
430624,湘阴县(文星镇),湘阴县,233,湖南,湖南省,112.88952,28.676676,湖南省湘阴县
430626,平江县(汉昌镇),平江县,237,湖南,湖南省,113.5876,28.707564,湖南省平江县
430681,汨罗市,汨罗市,7,湖南,湖南省,113.07349,28.812455,湖南省汨罗市
430682,临湘市,临湘市,62,湖南,湖南省,113.45656,29.482801,湖南省临湘市
430701,常德市,常德市,106,湖南,湖南省,111.70545,29.03775,湖南省常德市
430721,安乡县(城关镇),安乡县,6,湖南,湖南省,112.17751,29.41732,湖南省安乡县
430722,汉寿县(城关镇),汉寿县,96,湖南,湖南省,111.97641,28.912288,湖南省汉寿县
430723,澧县(澧阳镇),澧县,48,湖南,湖南省,111.76553,29.638946,湖南省澧县
430724,临澧县(城关镇),临澧县,22,湖南,湖南省,111.65359,29.446544,湖南省临澧县
430725,桃源县(漳江镇),桃源县,60,湖南,湖南省,111.48151,28.901781,湖南省桃源县
430726,石门县(楚江镇),石门县,28,湖南,湖南省,111.38613,29.59293,湖南省石门县
430801,张家界市,张家界市,6,湖南,湖南省,110.48553,29.122816,湖南省张家界市
430821,慈利县(零阳镇),慈利县,21,湖南,湖南省,111.14547,29.435987,湖南省慈利县
430822,桑植县(澧源镇),桑植县,8,湖南,湖南省,110.18736,29.410853,湖南省桑植县
430901,益阳市,益阳市,503,湖南,湖南省,112.36152,28.559711,湖南省益阳市
430921,南县(南洲镇),南县,4,湖南,湖南省,112.39707,29.374208,湖南省南县
430922,桃江县(桃花江镇),桃江县,11,湖南,湖南省,112.14672,28.526059,湖南省桃江县
430923,安化县(东坪镇),安化县,277,湖南,湖南省,111.23138,28.384746,湖南省安化县
430981,沅江市,沅江市,126,湖南,湖南省,112.36053,28.850234,湖南省沅江市
431001,郴州市,郴州市,39,湖南,湖南省,113.02146,25.776683,湖南省郴州市
431021,桂阳县(城关镇),桂阳县,66,湖南,湖南省,112.74056,25.759775,湖南省桂阳县
431022,宜章县(城关镇),宜章县,86,湖南,湖南省,112.95548,25.405714,湖南省宜章县
431023,永兴县(城关镇),永兴县,30,湖南,湖南省,113.12253,26.132968,湖南省永兴县
431024,嘉禾县(城关镇),嘉禾县,3,湖南,湖南省,112.37558,25.593422,湖南省嘉禾县
431025,临武县(城关镇),临武县,11,湖南,湖南省,112.57041,25.282527,湖南省临武县
431026,汝城县(城关镇),汝城县,25,湖南,湖南省,113.69154,25.556057,湖南省汝城县
431027,桂东县(城关镇),桂东县,17,湖南,湖南省,113.95159,26.083174,湖南省桂东县
431028,安仁县(城关镇),安仁县,16,湖南,湖南省,113.27542,26.715683,湖南省安仁县
431081,资兴市,资兴市,51,湖南,湖南省,113.24256,25.981874,湖南省资兴市
431101,永州市,永州市,15,湖南,湖南省,111.61946,26.425864,湖南省永州市
431103,冷水滩区,冷水滩区,1,湖南,湖南省,111.59843,26.467706,湖南省冷水滩区
431121,祁阳县(浯溪镇),祁阳县,42,湖南,湖南省,112.9896,28.11827,湖南省祁阳县
431122,东安县(白牙市镇),东安县,15,湖南,湖南省,111.33463,26.394055,湖南省东安县
431123,双牌县(沋泊镇),双牌县,2,湖南,湖南省,111.66759,25.967169,湖南省双牌县
431124,道县(道江镇),道县,12,湖南,湖南省,111.59647,25.526386,湖南省道县
431125,江永县(潇浦镇),江永县,25,湖南,湖南省,111.36238,25.268806,湖南省江永县
431126,宁远县(舜陵镇),宁远县,21,湖南,湖南省,111.95245,25.577052,湖南省宁远县
431127,蓝山县(塔蜂镇),蓝山县,10,湖南,湖南省,112.20343,25.375935,湖南省蓝山县
431128,新田县(龙泉镇),新田县,35,湖南,湖南省,112.21041,25.909826,湖南省新田县
431129,江华瑶族自治县(沱江镇),江华瑶族自治县,8,湖南,湖南省,111.57373,25.190959,湖南省江华瑶族自治县
431201,怀化市,怀化市,3,湖南,湖南省,110.00851,27.575161,湖南省怀化市
431222,沅陵县(沅陵镇),沅陵县,14,湖南,湖南省,110.40266,28.460358,湖南省沅陵县
431223,辰溪县(辰阳镇),辰溪县,10,湖南,湖南省,110.2187,28.022028,湖南省辰溪县
431224,溆浦县(卢峰镇),溆浦县,15,湖南,湖南省,110.60093,27.913696,湖南省溆浦县
431225,会同县(林城镇),会同县,25,湖南,湖南省,109.72856,26.874343,湖南省会同县
431226,麻阳苗族自治县(高村镇),麻阳苗族自治县,6,湖南,湖南省,109.81182,27.864142,湖南省麻阳苗族自治县
431227,新晃侗族自治县(新晃镇),新晃侗族自治县,7,湖南,湖南省,109.18147,27.358783,湖南省新晃侗族自治县
431228,芷江侗族自治县(芷江镇),芷江侗族自治县,8,湖南,湖南省,109.68898,27.439583,湖南省芷江侗族自治县
431229,靖州苗族侗族自治县(渠阳镇),靖州苗族侗族自治县,3,湖南,湖南省,109.70057,26.579065,湖南省靖州苗族侗族自治县
431230,通道侗族自治县(双江镇),通道侗族自治县,1,湖南,湖南省,109.78805,26.159396,湖南省通道侗族自治县
431281,洪江市,洪江市,3,湖南,湖南省,109.84351,27.215077,湖南省洪江市
432501,娄底市,娄底市,11,湖南,湖南省,112.0015,27.703209,湖南省娄底市
432502,冷水江市,冷水江市,1,湖南,湖南省,111.44154,27.692059,湖南省冷水江市
432503,涟源市,涟源市,10,湖南,湖南省,111.67056,27.698168,湖南省涟源市
432522,双峰县(永丰镇),双峰县,42,湖南,湖南省,112.18146,27.462983,湖南省双峰县
432524,新化县(上梅镇),新化县,155,湖南,湖南省,111.33452,27.732667,湖南省新化县
433122,泸溪县(武溪镇),泸溪县,4,湖南,湖南省,110.16466,28.268229,湖南省泸溪县
433123,凤凰县(沱江镇),凤凰县,3,湖南,湖南省,111.57373,25.190959,湖南省凤凰县
433127,永顺县(灵溪镇),永顺县,5,湖南,湖南省,109.85699,29.008546,湖南省永顺县
433130,龙山县(民安镇),龙山县,3,湖南,湖南省,109.45042,29.464122,湖南省龙山县
440101,广州市,广州市,47,广东,广东省,113.27143,23.135336,广东省广州市
440181,番禺市,番禺市,97,广东,广东省,113.39047,22.943831,广东省番禺市
440182,花都市,花都市,14,广东,广东省,113.22658,23.411162,广东省花都市
440183,增城市,增城市,34,广东,广东省,113.81755,23.266592,广东省增城市
440184,从化市,从化市,12,广东,广东省,113.59359,23.553986,广东省从化市
440222,始兴县(太平镇),始兴县,31,广东,广东省,114.07909,24.959648,广东省始兴县
440224,仁化县(仁化镇),仁化县,10,广东,广东省,113.75544,25.092288,广东省仁化县
440229,翁源县(龙仙镇),翁源县,23,广东,广东省,114.14043,24.354642,广东省翁源县
440232,乳源瑶族自治县(乳城镇),乳源瑶族自治县,16,广东,广东省,113.28741,24.789029,广东省乳源瑶族自治县
440233,新丰县(丰城镇),新丰县,8,广东,广东省,114.21351,24.065547,广东省新丰县
440281,乐昌市,乐昌市,19,广东,广东省,113.35458,25.135592,广东省乐昌市
440282,南雄市,南雄市,49,广东,广东省,114.31858,25.123527,广东省南雄市
440301,深圳市,深圳市,6,广东,广东省,114.06455,22.548457,广东省深圳市
440401,珠海市,珠海市,12,广东,广东省,113.58255,22.276565,广东省珠海市
440421,斗门县(井岸镇),斗门县,2,广东,广东省,113.30506,22.205181,广东省斗门县
440501,汕头市,汕头市,13,广东,广东省,116.68853,23.359092,广东省汕头市
440582,潮阳市,潮阳市,34,广东,广东省,116.60851,23.270855,广东省潮阳市
440583,澄海市,澄海市,52,广东,广东省,116.76243,23.472341,广东省澄海市
440601,佛山市,佛山市,33,广东,广东省,113.12851,23.027759,广东省佛山市
440681,顺德市,顺德市,88,广东,广东省,113.30045,22.810453,广东省顺德市
440682,南海市,南海市,90,广东,广东省,113.14945,23.035011,广东省南海市
440683,三水市,三水市,13,广东,广东省,112.90347,23.16192,广东省三水市
440684,高明市,高明市,14,广东,广东省,112.89947,22.90635,广东省高明市
440701,江门市,江门市,4,广东,广东省,113.08856,22.584604,广东省江门市
440781,台山市,台山市,60,广东,广东省,112.80044,22.257923,广东省台山市
440782,新会市,新会市,254,广东,广东省,113.03845,22.465113,广东省新会市
440783,开平市,开平市,52,广东,广东省,112.70446,22.382499,广东省开平市
440784,鹤山市,鹤山市,64,广东,广东省,112.97053,22.771169,广东省鹤山市
440785,恩平市,恩平市,36,广东,广东省,112.31144,22.189035,广东省恩平市
440801,湛江市,湛江市,2,广东,广东省,110.36555,21.276723,广东省湛江市
440823,遂溪县(遂城镇),遂溪县,4,广东,广东省,110.25652,21.383103,广东省遂溪县
440881,廉江市,廉江市,23,广东,广东省,110.29245,21.615816,广东省廉江市
440882,雷州市,雷州市,7,广东,广东省,110.10258,20.919881,广东省雷州市
440883,吴川市,吴川市,2,广东,广东省,110.78645,21.447263,广东省吴川市
440901,茂名市,茂名市,10,广东,广东省,110.93154,21.669064,广东省茂名市
440923,电白县(水东镇),电白县,6,广东,广东省,111.00926,21.517383,广东省电白县
440981,高州市,高州市,15,广东,广东省,110.85947,21.924049,广东省高州市
440982,化州市,化州市,5,广东,广东省,110.64643,21.670231,广东省化州市
440983,信宜市,信宜市,50,广东,广东省,110.95358,22.360093,广东省信宜市
441201,肇庆市,肇庆市,3,广东,广东省,112.47149,23.052889,广东省肇庆市
441223,广宁县(南街镇),广宁县,32,广东,广东省,112.44742,23.641036,广东省广宁县
441224,怀集县(怀城镇),怀集县,4,广东,广东省,112.17392,23.926566,广东省怀集县
441225,封开县(江口镇),封开县,6,广东,广东省,111.51853,23.429769,广东省封开县
441226,德庆县(德城镇),德庆县,14,广东,广东省,111.79155,23.151373,广东省德庆县
441283,高要市,高要市,8,广东,广东省,112.46445,23.031896,广东省高要市
441284,四会市,四会市,13,广东,广东省,112.74058,23.332381,广东省四会市
441301,惠州市,惠州市,3,广东,广东省,114.42356,23.116359,广东省惠州市
441322,博罗县(罗阳镇),博罗县,12,广东,广东省,114.29657,23.178806,广东省博罗县
441323,惠东县(平山镇),惠东县,7,广东,广东省,114.72643,22.991443,广东省惠东县
441324,龙门县(龙城镇),龙门县,7,广东,广东省,114.26143,23.733838,广东省龙门县
441381,惠阳市,惠阳市,3,广东,广东省,114.46346,22.794721,广东省惠阳市
441401,梅州市,梅州市,35,广东,广东省,116.12954,24.294178,广东省梅州市
441421,梅县（扶大镇）,梅县,76,广东,广东省,116.08856,24.270999,广东省梅县
441422,大埔县(湖寮镇),大埔县,46,广东,广东省,116.69938,24.361353,广东省大埔县
441423,丰顺县(汤坑镇),丰顺县,30,广东,广东省,116.19317,23.748517,广东省丰顺县
441424,五华县(水寨镇),五华县,63,广东,广东省,115.76734,23.929372,广东省五华县
441426,平远县(大柘镇),平远县,39,广东,广东省,115.90735,24.582974,广东省平远县
441427,蕉岭县(蕉城镇),蕉岭县,24,广东,广东省,116.17227,24.660054,广东省蕉岭县
441481,兴宁市,兴宁市,91,广东,广东省,115.73758,24.142294,广东省兴宁市
441501,汕尾市,汕尾市,1,广东,广东省,115.38155,22.791263,广东省汕尾市
441521,海丰县(海城镇),海丰县,28,广东,广东省,115.32985,22.969854,广东省海丰县
441523,陆河县（河田镇）,陆河县,3,广东,广东省,115.66259,23.310402,广东省陆河县
441581,陆丰市,陆丰市,18,广东,广东省,115.65849,22.923636,广东省陆丰市
441601,河源市,河源市,19,广东,广东省,114.70745,23.749684,广东省河源市
441621,紫金县(紫城镇),紫金县,38,广东,广东省,115.18828,23.64532,广东省紫金县
441622,龙川县(老隆镇),龙川县,27,广东,广东省,115.27089,24.104469,广东省龙川县
441623,连平县(元善镇),连平县,9,广东,广东省,114.50261,24.357466,广东省连平县
441624,和平县(阳明镇),和平县,39,广东,广东省,114.94615,24.449588,广东省和平县
441625,东源县(仙塘镇),东源县,2,广东,广东省,114.77512,23.828905,广东省东源县
441701,阳江市,阳江市,24,广东,广东省,111.98849,21.86434,广东省阳江市
441721,阳西县（织箦镇）,阳西县,6,广东,广东省,111.62448,21.758701,广东省阳西县
441723,阳东县（东城镇）,阳东县,10,广东,广东省,112.02448,21.87748,广东省阳东县
441781,阳春市,阳春市,7,广东,广东省,111.79754,22.176015,广东省阳春市
441801,清远市,清远市,18,广东,广东省,113.06247,23.68823,广东省清远市
441821,佛冈县(石角镇),佛冈县,16,广东,广东省,112.97484,23.559167,广东省佛冈县
441823,阳山县(阳城镇),阳山县,8,广东,广东省,112.6446,24.477121,广东省阳山县
441825,连山壮族瑶族自治县(吉田镇),连山壮族瑶族自治县,29,广东,广东省,112.09631,24.574838,广东省连山壮族瑶族自治县
441826,连南瑶族自治县(三江镇),连南瑶族自治县,6,广东,广东省,112.29971,24.730047,广东省连南瑶族自治县
441881,英德市,英德市,12,广东,广东省,113.42144,24.191939,广东省英德市
441882,连州市,连州市,6,广东,广东省,112.38357,24.786467,广东省连州市
441900,东莞市,东莞市,136,广东,广东省,113.75842,23.027308,广东省东莞市
442000,中山市,中山市,99,广东,广东省,113.39942,22.522315,广东省中山市
445101,潮州市,潮州市,45,广东,广东省,116.62947,23.662623,广东省潮州市
445121,潮安县(庵埠镇）,潮安县,20,广东,广东省,116.68888,23.455741,广东省潮安县
445122,饶平县(黄冈镇),饶平县,16,广东,广东省,117.01234,23.672218,广东省饶平县
445221,揭东县（曲溪镇）,揭东县,7,广东,广东省,116.41846,23.572485,广东省揭东县
445222,揭西县(河婆镇),揭西县,23,广东,广东省,115.84856,23.4373,广东省揭西县
445224,惠来县(惠城镇),惠来县,5,广东,广东省,116.29825,23.041813,广东省惠来县
445281,普宁市,普宁市,6,广东,广东省,116.17245,23.303635,广东省普宁市
445301,云浮市,云浮市,13,广东,广东省,112.05151,22.920912,广东省云浮市
445321,新兴县(新城镇),新兴县,20,广东,广东省,112.23372,22.707053,广东省新兴县
445322,郁南县(都城镇),郁南县,8,广东,广东省,111.54576,23.247422,广东省郁南县
445381,罗定市,罗定市,26,广东,广东省,111.57648,22.774296,广东省罗定市
450101,南宁市,南宁市,4,广西,广西壮族自治区,108.37345,22.822607,广西壮族自治区南宁市
450122,武鸣县(城厢镇),武鸣县,3,广西,广西壮族自治区,108.29002,23.17029,广西壮族自治区武鸣县
450201,柳州市,柳州市,8,广西,广西壮族自治区,109.43442,24.331961,广西壮族自治区柳州市
450222,柳城县(大埔镇),柳城县,2,广西,广西壮族自治区,109.22326,24.66176,广西壮族自治区柳城县
450301,桂林市,桂林市,13,广西,广西壮族自治区,110.18619,25.241699,广西壮族自治区桂林市
450322,临桂县(临桂镇),临桂县,4,广西,广西壮族自治区,110.19324,25.284992,广西壮族自治区临桂县
450323,灵川县(灵川镇),灵川县,8,广西,广西壮族自治区,110.33274,25.415437,广西壮族自治区灵川县
450324,全州县(全州镇),全州县,5,广西,广西壮族自治区,111.07552,25.928543,广西壮族自治区全州县
450325,兴安县(兴安镇),兴安县,1,广西,广西壮族自治区,110.67776,25.605392,广西壮族自治区兴安县
450326,永福县(永福镇),永福县,1,广西,广西壮族自治区,110.00858,25.00453,广西壮族自治区永福县
450327,灌阳县(灌阳镇),灌阳县,4,广西,广西壮族自治区,111.16227,25.502482,广西壮族自治区灌阳县
450328,龙胜各族自治县(龙胜镇),龙胜各族自治县,1,广西,广西壮族自治区,110.01798,25.804095,广西壮族自治区龙胜各族自治县
450330,平乐县(平乐镇),平乐县,2,广西,广西壮族自治区,110.65031,24.635729,广西壮族自治区平乐县
450331,荔浦县(荔城镇),荔浦县,2,广西,广西壮族自治区,110.40593,24.490772,广西壮族自治区荔浦县
450421,苍梧县(龙圩镇),苍梧县,3,广西,广西壮族自治区,111.55555,23.845998,广西壮族自治区苍梧县
450422,藤县(藤城镇),藤县,10,广西,广西壮族自治区,110.9215,23.38101,广西壮族自治区藤县
450423,蒙山县(蒙山镇),蒙山县,2,广西,广西壮族自治区,110.5313,24.204787,广西壮族自治区蒙山县
450481,岑溪市,岑溪市,2,广西,广西壮族自治区,111.00143,22.924621,广西壮族自治区岑溪市
450601,防城港市,防城港市,1,广西,广西壮族自治区,108.36042,21.693005,广西壮族自治区防城港市
450701,钦州市,钦州市,3,广西,广西壮族自治区,108.66058,21.986594,广西壮族自治区钦州市
450721,灵山县(灵城镇),灵山县,3,广西,广西壮族自治区,109.29748,22.422413,广西壮族自治区灵山县
450801,贵港市,贵港市,10,广西,广西壮族自治区,109.60552,23.117448,广西壮族自治区贵港市
450821,平南县(平南镇),平南县,3,广西,广西壮族自治区,110.39797,23.562723,广西壮族自治区平南县
450881,桂平市,桂平市,5,广西,广西壮族自治区,110.08553,23.400049,广西壮族自治区桂平市
450901,玉林市,玉林市,8,广西,广西壮族自治区,110.18845,22.659831,广西壮族自治区玉林市
450921,容县(容城镇),容县,24,广西,广西壮族自治区,110.56453,22.863666,广西壮族自治区容县
450922,陆川县(陆城镇),陆川县,3,广西,广西壮族自治区,110.27046,22.327222,广西壮族自治区陆川县
450923,博白县(博白镇),博白县,6,广西,广西壮族自治区,109.99554,22.274464,广西壮族自治区博白县
450924,兴业县,兴业县,1,广西,广西壮族自治区,109.88155,22.742268,广西壮族自治区兴业县
450981,北流市,北流市,7,广西,广西壮族自治区,110.36057,22.713958,广西壮族自治区北流市
452122,横县(横州镇),横县,6,广西,广西壮族自治区,109.28516,22.703279,广西壮族自治区横县
452123,宾阳县(宾州镇),宾阳县,10,广西,广西壮族自治区,108.80217,23.221678,广西壮族自治区宾阳县
452128,扶绥县(新宁镇),扶绥县,1,广西,广西壮族自治区,107.91955,22.636946,广西壮族自治区扶绥县
452130,大新县(桃城镇),大新县,2,广西,广西壮族自治区,107.19783,22.85663,广西壮族自治区大新县
452132,宁明县(城中镇),宁明县,1,广西,广西壮族自治区,107.08598,22.138429,广西壮族自治区宁明县
452223,鹿寨县(鹿寨镇),鹿寨县,2,广西,广西壮族自治区,109.7639,24.489988,广西壮族自治区鹿寨县
452226,来宾县(来宾镇),来宾县,3,广西,广西壮族自治区,108.33452,22.821269,广西壮族自治区来宾县
452228,三江侗族自治县(古宜镇),三江侗族自治县,1,广西,广西壮族自治区,109.61576,25.787979,广西壮族自治区三江侗族自治县
452231,忻城县(城关镇),忻城县,3,广西,广西壮族自治区,108.67146,24.071763,广西壮族自治区忻城县
452402,贺州市,贺州市,1,广西,广西壮族自治区,111.57353,24.409451,广西壮族自治区贺州市
452424,昭平县(昭平镇),昭平县,3,广西,广西壮族自治区,110.81355,24.176764,广西壮族自治区昭平县
452725,南丹县(城关镇),南丹县,1,广西,广西壮族自治区,107.5822,25.033194,广西壮族自治区南丹县
452728,东兰县(东兰镇),东兰县,1,广西,广西壮族自治区,107.38442,24.517924,广西壮族自治区东兰县
460002,琼海市,琼海市,5,海南,海南省,110.476523,19.265074,海南省琼海市
460003,儋州市,儋州市,1,海南,海南省,109.58746,19.527146,海南省儋州市
460004,琼山市,琼山市,9,海南,海南省,110.36053,20.009151,海南省琼山市
460005,文昌市,文昌市,9,海南,海南省,110.80451,19.549062,海南省文昌市
460006,万宁市,万宁市,3,海南,海南省,110.395988,18.800927,海南省万宁市
460025,定安县(定城镇),定安县,1,海南,海南省,110.37495,19.686263,海南省定安县
460027,澄迈县(金江镇),澄迈县,3,海南,海南省,110.02351,19.745049,海南省澄迈县
460033,乐东黎族自治县(抱由镇),乐东黎族自治县,1,海南,海南省,109.18596,18.750949,海南省乐东黎族自治县
460034,陵水黎族自治县(陵城镇),陵水黎族自治县,1,海南,海南省,110.04446,18.512332,海南省陵水黎族自治县
460101,海口市,海口市,4,海南,海南省,110.20668,20.052127,海南省海口市
460201,三亚市,三亚市,2,海南,海南省,109.51856,18.258736,海南省三亚市
500101,万州区,万州区,13,重庆,重庆市,108.41556,30.813622,重庆市万州区
500102,涪陵区,涪陵区,29,重庆,重庆市,107.39642,29.709278,重庆市涪陵区
500109,北碚区,北碚区,1,重庆,重庆市,106.40228,29.811157,重庆市北碚区
500112,渝北区,渝北区,5,重庆,重庆市,106.63756,29.723927,重庆市渝北区
500113,巴南区,巴南区,12,重庆,重庆市,106.54745,29.408475,重庆市巴南区
500221,长寿县(凤城镇),长寿县,27,重庆,重庆市,107.08753,29.86352,重庆市长寿县
500222,綦江县(古南镇),綦江县,9,重庆,重庆市,106.65748,29.034114,重庆市綦江县
500223,潼南县(梓潼镇),潼南县,3,重庆,重庆市,105.8474,30.197314,重庆市潼南县
500224,铜梁县(巴川镇),铜梁县,6,重庆,重庆市,106.06345,29.850509,重庆市铜梁县
500225,大足县(龙岗镇),大足县,1,重庆,重庆市,105.7284,29.713114,重庆市大足县
500226,荣昌县(昌元镇),荣昌县,10,重庆,重庆市,105.60142,29.411307,重庆市荣昌县
500227,璧山县(璧城镇),璧山县,9,重庆,重庆市,106.23347,29.598347,重庆市璧山县
500228,梁平县(梁山镇),梁平县,6,重庆,重庆市,107.7761,30.660553,重庆市梁平县
500229,城口县(葛城镇),城口县,1,重庆,重庆市,108.67161,31.953391,重庆市城口县
500230,丰都县(三合镇),丰都县,62,重庆,重庆市,106.10833,29.3512,重庆市丰都县
500231,垫江县(桂溪镇),垫江县,9,重庆,重庆市,107.33957,30.333294,重庆市垫江县
500232,武隆县(巷口镇),武隆县,4,重庆,重庆市,107.76643,29.332027,重庆市武隆县
500233,忠县(忠州镇),忠县,9,重庆,重庆市,108.048681,30.29891,重庆市忠县
500234,开县(汉丰镇),开县,3,重庆,重庆市,108.3995,31.166644,重庆市开县
500235,云阳县(青龙嘴),云阳县,9,重庆,重庆市,108.66744,31.332063,重庆市云阳县
500236,奉节县(永安镇),奉节县,5,重庆,重庆市,107.52381,30.359968,重庆市奉节县
500238,巫溪县(城厢镇),巫溪县,1,重庆,重庆市,109.62578,31.398388,重庆市巫溪县
500239,黔江土家族苗族自治县(联合镇),黔江土家族苗族自治县,6,重庆,重庆市,106.55843,29.568996,重庆市黔江土家族苗族自治县
500241,秀山土家族苗族自治县(中和镇),秀山土家族苗族自治县,1,重庆,重庆市,108.14131,31.182465,重庆市秀山土家族苗族自治县
500242,酉阳土家族苗族县(钟多镇),酉阳土家族苗族县,3,重庆,重庆市,106.55843,29.568996,重庆市酉阳土家族苗族县
500243,彭水苗族土家族自治县(汉葭镇),彭水苗族土家族自治县,6,重庆,重庆市,108.17258,29.299462,重庆市彭水苗族土家族自治县
500381,江津市,江津市,9,重庆,重庆市,106.2656,29.295884,重庆市江津市
500382,合川市,合川市,4,重庆,重庆市,106.28254,29.978181,重庆市合川市
500383,永川市,永川市,5,重庆,重庆市,105.9335,29.362046,重庆市永川市
500384,南川市,南川市,8,重庆,重庆市,107.10559,29.163479,重庆市南川市
510101,成都市,成都市,58,四川,四川省,104.07275,30.578994,四川省成都市
510121,金堂县(赵镇),金堂县,15,四川,四川省,104.4465,30.862628,四川省金堂县
510122,双流县(东升镇),双流县,17,四川,四川省,103.93039,30.580399,四川省双流县
510123,温江县(柳城镇),温江县,1,四川,四川省,103.86357,30.688487,四川省温江县
510124,郫县(郫筒镇),郫县,9,四川,四川省,103.90545,30.799538,四川省郫县
510125,新都县(新都镇),新都县,23,四川,四川省,104.16539,30.829407,四川省新都县
510129,大邑县(晋原镇),大邑县,4,四川,四川省,103.52753,30.593155,四川省大邑县
510131,蒲江县(鹤山镇),蒲江县,11,四川,四川省,103.51257,30.2025,四川省蒲江县
510181,都江堰市,都江堰市,3,四川,四川省,103.65353,30.994257,四川省都江堰市
510182,彭州市,彭州市,9,四川,四川省,103.96556,30.995564,四川省彭州市
510183,邛崃市,邛崃市,1,四川,四川省,103.47048,30.416399,四川省邛崃市
510184,崇州市,崇州市,5,四川,四川省,103.67943,30.636596,四川省崇州市
510321,荣县(旭阳镇),荣县,12,四川,四川省,104.42598,29.460515,四川省荣县
510322,富顺县(城关镇),富顺县,13,四川,四川省,104.98149,29.186886,四川省富顺县
510501,泸州市,泸州市,14,四川,四川省,105.44852,28.877668,四川省泸州市
510521,泸县(福集镇),泸县,6,四川,四川省,105.36906,29.208178,四川省泸县
510522,合江县(合江镇),合江县,6,四川,四川省,105.83737,28.818006,四川省合江县
510524,叙永县(叙永镇),叙永县,2,四川,四川省,105.44668,28.1601,四川省叙永县
510525,古蔺县(古蔺镇),古蔺县,1,四川,四川省,105.81914,28.044758,四川省古蔺县
510601,德阳市,德阳市,7,四川,四川省,104.40442,31.133115,四川省德阳市
510623,中江县(凯江镇),中江县,15,四川,四川省,104.68662,31.043197,四川省中江县
510626,罗江县(罗江镇),罗江县,5,四川,四川省,104.51741,31.324179,四川省罗江县
510681,广汉市,广汉市,8,四川,四川省,104.28842,30.982415,四川省广汉市
510682,什邡市,什邡市,3,四川,四川省,104.17443,31.132889,四川省什邡市
510683,绵竹市,绵竹市,6,四川,四川省,104.22761,31.343592,四川省绵竹市
510701,绵阳市,绵阳市,14,四川,四川省,104.68556,31.473663,四川省绵阳市
510722,三台县(潼川镇),三台县,16,四川,四川省,105.09492,31.104228,四川省三台县
510723,盐亭县(云溪镇),盐亭县,3,四川,四川省,105.39297,31.22989,四川省盐亭县
510801,广元市,广元市,4,四川,四川省,105.85042,32.441616,四川省广元市
510823,剑阁县(普安镇),剑阁县,6,四川,四川省,105.47659,32.039533,四川省剑阁县
510824,苍溪县(陵江镇),苍溪县,5,四川,四川省,105.9441,31.731267,四川省苍溪县
510901,遂宁市,遂宁市,9,四川,四川省,105.59942,30.539098,四川省遂宁市
510921,蓬溪县(赤城镇),蓬溪县,4,四川,四川省,105.71796,30.782847,四川省蓬溪县
510922,射洪县(太和镇),射洪县,7,四川,四川省,103.86638,30.112815,四川省射洪县
511001,内江市,内江市,48,四川,四川省,105.06459,29.585887,四川省内江市
511024,威远县(严陵镇),威远县,11,四川,四川省,104.67673,29.532448,四川省威远县
511025,资中县(重龙镇),资中县,14,四川,四川省,104.85692,29.782471,四川省资中县
511028,隆昌县(金鹅镇),隆昌县,15,四川,四川省,105.29429,29.345238,四川省隆昌县
511101,乐山市,乐山市,2,四川,四川省,103.77254,29.557941,四川省乐山市
511123,犍为县(玉津镇),犍为县,4,四川,四川省,103.95636,29.212716,四川省犍为县
511124,井研县(研城镇),井研县,2,四川,四川省,104.07651,29.657303,四川省井研县
511129,沐川县(沐溪镇),沐川县,1,四川,四川省,103.91014,28.972448,四川省沐川县
511132,峨边彝族自治县(沙坪镇),峨边彝族自治县,1,四川,四川省,103.26628,29.232698,四川省峨边彝族自治县
511181,峨眉山市,峨眉山市,1,四川,四川省,103.49155,29.606976,四川省峨眉山市
511301,南充市,南充市,5,四川,四川省,106.1175,30.843783,四川省南充市
511321,南部县(南隆镇),南部县,1,四川,四川省,106.04358,31.353705,四川省南部县
511322,营山县(朗池镇),营山县,2,四川,四川省,106.57241,31.083003,四川省营山县
511323,蓬安县(周口镇),蓬安县,2,四川,四川省,106.41848,31.034631,四川省蓬安县
511324,仪陇县(金城镇),仪陇县,40,四川,四川省,106.41286,31.523275,四川省仪陇县
511381,阆中市,阆中市,1,四川,四川省,106.005242,31.565305,四川省阆中市
511501,宜宾市,宜宾市,8,四川,四川省,104.6494,28.758007,四川省宜宾市
511521,宜宾县(柏溪镇),宜宾县,8,四川,四川省,104.07347,30.577543,四川省宜宾县
511522,南溪县(南溪镇),南溪县,1,四川,四川省,104.97651,28.851504,四川省南溪县
511523,江安县(江安镇),江安县,2,四川,四川省,105.0693,28.733761,四川省江安县
511524,长宁县(长宁镇),长宁县,3,四川,四川省,104.91848,28.583382,四川省长宁县
511525,高县(文江镇),高县,14,四川,四川省,104.57348,28.398094,四川省高县
511526,珙县(珙泉镇),珙县,2,四川,四川省,104.79634,28.384783,四川省珙县
511527,筠连县(筠连镇),筠连县,2,四川,四川省,104.51121,28.161635,四川省筠连县
511528,兴文县(中城镇),兴文县,1,四川,四川省,105.2424,28.309905,四川省兴文县
511601,广安市,广安市,5,四川,四川省,106.63955,30.461746,四川省广安市
511621,岳池县(九龙镇),岳池县,2,四川,四川省,106.44641,30.54412,四川省岳池县
511622,武胜县(沿口镇),武胜县,3,四川,四川省,106.2934,30.351285,四川省武胜县
511623,邻水县(鼎屏镇),邻水县,8,四川,四川省,106.94176,30.338437,四川省邻水县
511681,华蓥市,华蓥市,1,四川,四川省,106.78946,30.396307,四川省华蓥市
513001,达川市,达川市,3,四川,四川省,107.51841,31.202393,四川省达川市
513002,万源市,万源市,2,四川,四川省,108.04154,32.087421,四川省万源市
513021,达县(南外镇),达县,12,四川,四川省,107.516947,31.195381,四川省达县
513022,宣汉县(东乡镇),宣汉县,116,四川,四川省,107.73353,31.359755,四川省宣汉县
513023,开江县(新宁镇),开江县,7,四川,四川省,107.87626,31.087659,四川省开江县
513029,大竹县(竹阳镇),大竹县,30,四川,四川省,107.21158,30.742077,四川省大竹县
513030,渠县(渠江镇),渠县,6,四川,四川省,111.00503,28.092034,四川省渠县
513124,汉源县(富林镇),汉源县,1,四川,四川省,102.68504,29.354593,四川省汉源县
513126,天全县(城厢镇),天全县,1,四川,四川省,102.77206,30.063997,四川省天全县
513127,芦山县(芦阳镇),芦山县,1,四川,四川省,102.93453,30.149873,四川省芦山县
513322,泸定县(泸桥镇),泸定县,1,四川,四川省,102.22237,29.892805,四川省泸定县
513401,凉山彝族自治州(西昌市),凉山彝族自治州,3,四川,四川省,102.27148,27.900581,四川省凉山彝族自治州
513433,冕宁县(城厢镇),冕宁县,2,四川,四川省,102.18357,28.555294,四川省冕宁县
513435,甘洛县(新市坝镇),甘洛县,1,四川,四川省,102.7811,28.978216,四川省甘洛县
513701,巴中市,巴中市,4,四川,四川省,106.75159,31.872889,四川省巴中市
513721,通江县(诺江镇),通江县,4,四川,四川省,107.25173,31.918978,四川省通江县
513722,南江县(南江镇),南江县,1,四川,四川省,106.83448,32.352532,四川省南江县
513723,平昌县(江口镇),平昌县,1,四川,四川省,107.11059,31.566186,四川省平昌县
513821,眉山县(东坡镇),眉山县,6,四川,四川省,104.07347,30.577543,四川省眉山县
513822,仁寿县(文林镇),仁寿县,32,四川,四川省,104.14048,30.001664,四川省仁寿县
513824,洪雅县(洪川镇),洪雅县,1,四川,四川省,103.37819,29.919815,四川省洪雅县
513825,丹棱县(丹棱镇),丹棱县,2,四川,四川省,103.51958,30.020363,四川省丹棱县
513826,青神县(城厢镇),青神县,1,四川,四川省,103.85356,29.837055,四川省青神县
513901,资阳市,资阳市,24,四川,四川省,104.63444,30.134957,四川省资阳市
513902,简阳市,简阳市,50,四川,四川省,104.55349,30.417451,四川省简阳市
513921,安岳县(岳阳镇),安岳县,8,四川,四川省,105.35067,30.110923,四川省安岳县
513922,乐至县(天池镇),乐至县,8,四川,四川省,105.02748,30.282348,四川省乐至县
520101,贵阳市,贵阳市,14,贵州,贵州省,106.63658,26.653325,贵州省贵阳市
520121,开阳县(城关镇),开阳县,1,贵州,贵州省,106.9837,27.059782,贵州省开阳县
520123,修文县(城关镇),修文县,1,贵州,贵州省,106.59849,26.844862,贵州省修文县
520202,盘县特区(城关镇),盘县特区,2,贵州,贵州省,104.47858,25.715651,贵州省盘县特区
520221,水城县(六盘水市),水城县,1,贵州,贵州省,104.83755,26.598833,贵州省水城县
520301,遵义市,遵义市,9,贵州,贵州省,107.03792,27.728325,贵州省遵义市
520321,遵义县(南白镇),遵义县,9,贵州,贵州省,106.8365,27.542501,贵州省遵义县
520322,桐梓县(娄山关镇),桐梓县,1,贵州,贵州省,106.83249,28.139468,贵州省桐梓县
520326,务川仡佬族苗族自治县(都濡镇),务川仡佬族苗族自治县,1,贵州,贵州省,107.90546,28.569077,贵州省务川仡佬族苗族自治县
520329,余庆县(白泥镇),余庆县,1,贵州,贵州省,107.90947,27.218711,贵州省余庆县
520382,仁怀市,仁怀市,1,贵州,贵州省,106.40753,27.797752,贵州省仁怀市
522201,铜仁市,铜仁市,3,贵州,贵州省,109.19644,27.737786,贵州省铜仁市
522225,思南县(思唐镇),思南县,1,贵州,贵州省,108.25942,27.944548,贵州省思南县
522226,印江土家族苗族自治县(峨岭镇),印江土家族苗族自治县,1,贵州,贵州省,108.41659,27.999823,贵州省印江土家族苗族自治县
522228,沿河土家族自治县(和平镇),沿河土家族自治县,1,贵州,贵州省,108.51048,28.570102,贵州省沿河土家族自治县
522401,毕节市,毕节市,4,贵州,贵州省,105.29859,27.290215,贵州省毕节市
522423,黔西县(城关镇),黔西县,2,贵州,贵州省,102.2437,26.669482,贵州省黔西县
522427,威宁彝族回族苗族自治县(草海镇),威宁彝族回族苗族自治县,3,贵州,贵州省,104.19691,26.822058,贵州省威宁彝族回族苗族自治县
522501,安顺市,安顺市,4,贵州,贵州省,105.95442,26.259252,贵州省安顺市
522526,平坝县(城关镇),平坝县,5,贵州,贵州省,106.26358,26.411186,贵州省平坝县
522527,普定县(城关镇),普定县,1,贵州,贵州省,105.74849,26.308233,贵州省普定县
522528,关岭布依族苗族自治县(关索镇),关岭布依族苗族自治县,1,贵州,贵州省,105.62548,25.949877,贵州省关岭布依族苗族自治县
522601,凯里市,凯里市,4,贵州,贵州省,107.98747,26.573079,贵州省凯里市
522627,天柱县(凤城镇),天柱县,2,贵州,贵州省,109.21445,26.915804,贵州省天柱县
522631,黎平县(德凤镇),黎平县,1,贵州,贵州省,109.14357,26.236874,贵州省黎平县
522701,都匀市,都匀市,2,贵州,贵州省,107.5254,26.266118,贵州省都匀市
522702,福泉市,福泉市,1,贵州,贵州省,107.52643,26.692526,贵州省福泉市
522723,贵定县(城关镇),贵定县,3,贵州,贵州省,107.24055,26.59066,贵州省贵定县
522726,独山县(城关镇),独山县,1,贵州,贵州省,107.5515,25.828288,贵州省独山县
522729,长顺县(长寨镇),长顺县,1,贵州,贵州省,106.45842,26.028455,贵州省长顺县
530101,昆明市,昆明市,4,云南,云南省,102.83945,24.886272,云南省昆明市
530122,晋宁县(昆阳镇),晋宁县,11,云南,云南省,102.60242,24.676099,云南省晋宁县
530301,曲靖市,曲靖市,1,云南,云南省,103.80243,25.496407,云南省曲靖市
530323,师宗县(丹凤镇),师宗县,9,云南,云南省,103.99156,24.827995,云南省师宗县
530324,罗平县(罗雄镇),罗平县,1,云南,云南省,104.31551,24.89052,云南省罗平县
530325,富源县(中安镇),富源县,1,云南,云南省,104.26147,25.68028,云南省富源县
530326,会泽县(钟屏镇),会泽县,1,云南,云南省,103.30349,26.424215,云南省会泽县
530381,宣威市,宣威市,6,云南,云南省,104.11158,26.225598,云南省宣威市
532101,昭通地区(昭通市),昭通地区,1,云南,云南省,102.71642,25.051562,云南省昭通地区
532125,大关县(翠华镇),大关县,1,云南,云南省,103.89997,27.759881,云南省大关县
532126,永善县(景新镇),永善县,1,云南,云南省,103.64457,28.234722,云南省永善县
532127,绥江县(中城镇),绥江县,1,云南,云南省,103.98605,28.599593,云南省绥江县
532128,镇雄县(乌峰镇),镇雄县,9,云南,云南省,116.1146,39.00018,云南省镇雄县
532329,武定县(近城镇),武定县,1,云南,云南省,102.41053,25.53609,云南省武定县
532331,禄丰县(金山镇),禄丰县,1,云南,云南省,102.07267,25.14297,云南省禄丰县
532522,蒙自县(文澜镇),蒙自县,2,云南,云南省,103.37155,23.40208,云南省蒙自县
532524,建水县(临安镇),建水县,1,云南,云南省,102.8093,23.631053,云南省建水县
532525,石屏县(异龙镇),石屏县,2,云南,云南省,102.50385,23.711617,云南省石屏县
532621,文山县(开化镇),文山县,2,云南,云南省,104.23854,23.391944,云南省文山县
532628,富宁县(新华镇),富宁县,1,云南,云南省,105.62936,23.630502,云南省富宁县
532723,墨江哈尼族自治县(联珠镇),墨江哈尼族自治县,1,云南,云南省,101.69083,23.429527,云南省墨江哈尼族自治县
532724,景东彝族自治县(锦屏镇),景东彝族自治县,1,云南,云南省,100.83991,24.456521,云南省景东彝族自治县
532801,景洪市,景洪市,1,云南,云南省,100.80644,22.017004,云南省景洪市
532901,大理市,大理市,21,云南,云南省,100.273002,25.612437,云南省大理市
532924,宾川县(牛井镇),宾川县,2,云南,云南省,100.57846,25.835249,云南省宾川县
532927,巍山彝族回族自治县(文华镇),巍山彝族回族自治县,2,云南,云南省,100.31346,25.233439,云南省巍山彝族回族自治县
532929,云龙县(石门镇),云龙县,1,云南,云南省,99.377416,25.891945,云南省云龙县
532930,洱源县(玉湖镇),洱源县,1,云南,云南省,99.96921,26.120093,云南省洱源县
532931,剑川县(金华镇),剑川县,4,云南,云南省,99.9179,26.540365,云南省剑川县
532932,鹤庆县(云鹤镇),鹤庆县,6,云南,云南省,100.17433,26.56428,云南省鹤庆县
533001,保山市,保山市,15,云南,云南省,99.168012,25.117858,云南省保山市
533022,施甸县(甸阳镇),施甸县,1,云南,云南省,99.189845,24.727047,云南省施甸县
533023,腾冲县(城关镇),腾冲县,21,云南,云南省,98.497595,25.026617,云南省腾冲县
533024,龙陵县(龙山镇),龙陵县,11,云南,云南省,98.69916,24.596844,云南省龙陵县
533025,昌宁县(右甸镇),昌宁县,9,云南,云南省,99.611617,24.833985,云南省昌宁县
533221,丽江纳西族自治县(大研镇),丽江纳西族自治县,2,云南,云南省,100.23246,26.860657,云南省丽江纳西族自治县
533521,临沧县(凤翔镇),临沧县,1,云南,云南省,102.71642,25.051562,云南省临沧县
533524,永德县(德党镇),永德县,1,云南,云南省,99.260576,24.034265,云南省永德县
542221,乃东县(泽当镇),乃东县,1,云南,云南省,91.775597,29.242984,云南省乃东县
610101,西安市,西安市,5,陕西,陕西省,108.94647,34.347269,陕西省西安市
610121,长安县(韦曲镇),长安县,1,陕西,陕西省,108.91358,34.16329,陕西省长安县
610124,周至县(二曲镇),周至县,1,陕西,陕西省,108.22842,34.169385,陕西省周至县
610125,户县(甘亭镇),户县,33,陕西,陕西省,108.61142,34.115021,陕西省户县
610301,宝鸡市,宝鸡市,1,陕西,陕西省,107.24458,34.368916,陕西省宝鸡市
610323,岐山县(凤鸣镇),岐山县,5,陕西,陕西省,107.62093,34.454087,陕西省岐山县
610324,扶风县( 城关镇),扶风县,5,陕西,陕西省,107.90645,34.381463,陕西省扶风县
610328,千阳县(城关镇),千阳县,1,陕西,陕西省,107.1468,34.646271,陕西省千阳县
610329,麟游县(九成宫镇),麟游县,1,陕西,陕西省,107.79983,34.681963,陕西省麟游县
610401,咸阳市,咸阳市,16,陕西,陕西省,108.71542,34.335476,陕西省咸阳市
610422,三原县(城关镇),三原县,17,陕西,陕西省,108.94745,34.623079,陕西省三原县
610423,泾阳县(泾干镇),泾阳县,8,陕西,陕西省,108.84938,34.533317,陕西省泾阳县
610424,乾县(城关镇),乾县,13,陕西,陕西省,108.24538,34.534018,陕西省乾县
610425,礼泉县(城关镇),礼泉县,18,陕西,陕西省,108.43162,34.487391,陕西省礼泉县
610426,永寿县(监军镇),永寿县,4,陕西,陕西省,108.14847,34.698036,陕西省永寿县
610427,彬县(城关镇),彬县,10,陕西,陕西省,108.08457,35.049611,陕西省彬县
610428,长武县(昭仁镇),长武县,10,陕西,陕西省,107.80556,35.211657,陕西省长武县
610429,旬邑县(城关镇),旬邑县,17,陕西,陕西省,108.34047,35.117964,陕西省旬邑县
610430,淳化县(城关镇),淳化县,1,陕西,陕西省,108.58744,34.804777,陕西省淳化县
610431,武功县(普集镇),武功县,8,陕西,陕西省,108.20655,34.266138,陕西省武功县
610481,兴平市,兴平市,4,陕西,陕西省,108.49639,34.305477,陕西省兴平市
610521,华县(城关镇),华县,1,陕西,陕西省,109.77848,34.518731,陕西省华县
610522,潼关县(城关镇),潼关县,7,陕西,陕西省,110.25251,34.550327,陕西省潼关县
610523,大荔县(城关镇),大荔县,5,陕西,陕西省,109.94845,34.801833,陕西省大荔县
610524,合阳县(城关镇),合阳县,2,陕西,陕西省,110.1554,35.243872,陕西省合阳县
610525,澄城县(城关镇),澄城县,4,陕西,陕西省,109.93843,35.196573,陕西省澄城县
610526,蒲城县(城关镇),蒲城县,2,陕西,陕西省,109.5925,34.961274,陕西省蒲城县
610528,富平县(窦村镇),富平县,1,陕西,陕西省,109.18644,34.75726,陕西省富平县
610581,韩城市,韩城市,5,陕西,陕西省,110.44955,35.482087,陕西省韩城市
610601,延安市,延安市,2,陕西,陕西省,109.50118,36.65609,陕西省延安市
610629,洛川县(凤栖镇),洛川县,1,陕西,陕西省,109.4384,35.7683,陕西省洛川县
610630,宜川县(丹州镇),宜川县,3,陕西,陕西省,110.17541,36.056397,陕西省宜川县
610632,黄陵县(桥山镇),黄陵县,1,陕西,陕西省,109.26961,35.585076,陕西省黄陵县
610701,汉中市,汉中市,1,陕西,陕西省,107.02943,33.0738,陕西省汉中市
610724,西乡县(城关镇),西乡县,2,陕西,陕西省,107.772,32.998497,陕西省西乡县
612422,汉阴县(城关镇),汉阴县,2,陕西,陕西省,108.49873,32.903295,陕西省汉阴县
612423,石泉县(城关镇),石泉县,3,陕西,陕西省,108.22773,33.082437,陕西省石泉县
612425,紫阳县(城关镇),紫阳县,1,陕西,陕西省,108.53997,32.524884,陕西省紫阳县
612427,平利县(城关镇),平利县,5,陕西,陕西省,109.35567,32.401023,陕西省平利县
612429,旬阳县(城关镇),旬阳县,1,陕西,陕西省,107.772,32.998497,陕西省旬阳县
612430,白河县(城关镇),白河县,1,陕西,陕西省,110.12142,32.805059,陕西省白河县
612501,商州市,商州市,3,陕西,陕西省,109.94747,33.868855,陕西省商州市
612522,洛南县(城关镇),洛南县,7,陕西,陕西省,110.15443,34.097071,陕西省洛南县
612524,商南县(城关镇),商南县,7,陕西,陕西省,110.88841,33.537533,陕西省商南县
612525,山阳县(城关镇),山阳县,2,陕西,陕西省,109.88855,33.537968,陕西省山阳县
612701,榆林市,榆林市,5,陕西,陕西省,109.74162,38.290884,陕西省榆林市
612728,米脂县(米脂镇),米脂县,7,陕西,陕西省,110.19045,37.761398,陕西省米脂县
612729,佳县(佳芦镇),佳县,1,陕西,陕西省,110.49748,38.025612,陕西省佳县
620101,兰州市,兰州市,17,甘肃,甘肃省,103.84052,36.067235,甘肃省兰州市
620121,永登县(城关镇),永登县,9,甘肃,甘肃省,103.26862,36.738866,甘肃省永登县
620122,皋兰县(城关镇),皋兰县,2,甘肃,甘肃省,103.95346,36.338142,甘肃省皋兰县
620123,榆中县(城关镇),榆中县,4,甘肃,甘肃省,104.11526,35.847143,甘肃省榆中县
620301,金昌市,金昌市,1,甘肃,甘肃省,102.19461,38.52582,甘肃省金昌市
620321,永昌县(城关镇),永昌县,2,甘肃,甘肃省,101.99117,38.249367,甘肃省永昌县
620421,靖远县(城关镇),靖远县,1,甘肃,甘肃省,104.68252,36.577096,甘肃省靖远县
620422,会宁县(会师镇),会宁县,3,甘肃,甘肃省,105.06321,35.697238,甘肃省会宁县
620501,天水市,天水市,4,甘肃,甘肃省,105.73142,34.587412,甘肃省天水市
620522,秦安县(兴国镇),秦安县,3,甘肃,甘肃省,105.6762,34.866472,甘肃省秦安县
622103,敦煌市,敦煌市,3,甘肃,甘肃省,94.668527,40.147867,甘肃省敦煌市
622301,武威市,武威市,3,甘肃,甘肃省,102.64455,37.934378,甘肃省武威市
622322,民勤县(城关镇),民勤县,1,甘肃,甘肃省,103.1004,38.630625,甘肃省民勤县
622421,定西县(城关镇),定西县,2,甘肃,甘肃省,106.31573,33.923646,甘肃省定西县
622425,陇西县(巩昌镇),陇西县,10,甘肃,甘肃省,104.66197,35.001651,甘肃省陇西县
622426,渭源县(清源镇),渭源县,1,甘肃,甘肃省,104.22394,35.137954,甘肃省渭源县
622427,临洮县(洮阳镇),临洮县,3,甘肃,甘肃省,103.8682,35.364924,甘肃省临洮县
622628,礼县(城关镇),礼县,3,甘肃,甘肃省,102.2437,26.669482,甘肃省礼县
622629,两当县(城关镇),两当县,1,甘肃,甘肃省,106.31573,33.923646,甘肃省两当县
622701,平凉地区(平凉市),平凉地区,1,甘肃,甘肃省,103.83248,36.065465,甘肃省平凉地区
622726,庄浪县(水洛城镇),庄浪县,11,甘肃,甘肃省,106.04259,35.208192,甘肃省庄浪县
622826,宁县(新宁镇),宁县,2,甘肃,甘肃省,107.93582,35.507511,甘肃省宁县
622901,临夏市,临夏市,3,甘肃,甘肃省,103.24955,35.609899,甘肃省临夏市
622921,临夏县(韩集镇),临夏县,3,甘肃,甘肃省,103.01034,35.494979,甘肃省临夏县
622923,永靖县(刘家峡镇),永靖县,1,甘肃,甘肃省,103.32798,35.948668,甘肃省永靖县
623021,临潭县(城关镇),临潭县,1,甘肃,甘肃省,103.36602,34.688583,甘肃省临潭县
630101,西宁市,西宁市,16,青海,青海省,101.78445,36.623385,青海省西宁市
630121,大通回族土族自治县(桥头镇),大通回族土族自治县,1,青海,青海省,101.69006,36.933585,青海省大通回族土族自治县
632121,平安县(平安镇),平安县,3,青海,青海省,102.11443,36.506554,青海省平安县
632122,民和回族土族自治县(川口镇),民和回族土族自治县,2,青海,青海省,102.80988,36.333998,青海省民和回族土族自治县
632123,乐都县(碾伯镇),乐都县,6,青海,青海省,102.40857,36.48782,青海省乐都县
632124,湟中县(鲁沙尔镇),湟中县,1,青海,青海省,101.57256,36.502599,青海省湟中县
632126,互助土族自治县(威远镇),互助土族自治县,1,青海,青海省,101.96421,36.847056,青海省互助土族自治县
632128,循化撒拉族自治县(积石镇),循化撒拉族自治县,1,青海,青海省,102.48029,35.858825,青海省循化撒拉族自治县
640101,银川市,银川市,1,宁夏,宁夏回族自治区,106.23849,38.49246,宁夏回族自治区银川市
710000,台湾省(资料暂缺),台湾省,598,青海,青海省,121.553842,25.078231,青海省台湾省
810000,香港特别行政区(代码短缺),香港特别行政区,39,青海,青海省,114.204122,22.287053,青海省香港特别行政区
820000,澳门特别行政区,澳门特别行政区,1,青海,青海省,113.551018,22.179997,青海省澳门特别行政区
